Company,items,industry,description
녹십자홀딩스,"알부민,유로키나제,간염백신,유행성출혈열백신 제조",회사 본부 및 경영 컨설팅 서비스업,"기업개요
동사는 지주회사에 대한 사업목적을 승인 받아 생명공학 및 헬스케어 관련 기업을 사업자회사로 둔 지주회사 체제로 경영시스템을 전환하였음.
동사는 전체 경영전략 수립과 조정, 신규 전략사업의 진출, 출자자산의 포트폴리오 관리 등을 담당하고 있으며, 의약품의 제조 판매 등 실제 사업은 각 자회사가 수행하고 있음.
동사의 지주회사 경영시스템은 주력 자회사인 녹십자를 필두로 국내 28개, 해외 17개, 총 45개의 계열회사를 두고 있음.
출처 : 에프앤가이드"
명문제약,"의약품(ROBAXIN 주사,KIMITE패취) 제조,판매",의약품 제조업,"기업개요
동사는 1983년에 설립되어 의약품 제조 및 판매를 주 목적사업으로 하고 있으며 2008년 7월 유가증권시장에 상장됨.
국내 최초 경피흡수제형인 패취제인 '키미테'를 국내 시장에 소개해 멀미약으로 대중적 인지도를 높였고 인구고령화에 발맞춘 고혈압, 당뇨 등의 제품들을 출시함.
서비스 사업부문에서는 골프장, 부동산 개발 등을 영위하는 '명문투자개발'을 종속회사로 보유하고 있음.
출처 : 에프앤가이드"
보령,"의약품(제산제(겔포스),구심,용각산,고혈압치료제(카프릴),소염진통제(멘소레담),항생제(듀리세프),혈전치료제(아스트릭스)) 제조",의약품 제조업,"기업개요
동사는 전문의약품(ETC) 사업에서 고혈압, 이상지질혈증, 당뇨, CNS, 항암제 질환군과 관련한 의약품 사업을 영위하며 항암제 질환군과 관련해서는 오리지널 제품 브랜드의 인수와 도입을 진행 중임.
안산공장과 예산공장의 우수한 전문 생산시설의 가동률을 높이고 매출 및 이익에 기여하기 위해 수탁생산을 실시하는 사업부문을 보유함.
일반의약품 사업으로는 겔포스와 용각산을 주력으로 함.
출처 : 에프앤가이드"
삼성제약,"의약품(까스명수,쓸기담,에프킬라에어졸,액체우황청심원) 제조,도매",의약품 제조업,"기업개요
동사는 의약품 제조 및 판매업, 바이오사업, 건강식품 제조 및 판매업을 영위하고 있음.
주요제품으로는 까스명수, 쓸기담, 우황청심원현탁액, 판토에이등이 있으며, 노인성 질환 전문의약품 강화를 목적으로 신제품 발매 및 허가를 진행하고 있음.
전문의약품의 경우 항생제. 전립선치료제 등 80여개의 다양한 제품군을 바탕으로 판매대행을 활용한 마케팅 및 영업활동을 진행함.
출처 : 에프앤가이드"
제일약품,의약품,의약품 제조업,"기업개요
동사는 2017년 6월 1일에 제일파마홀딩스 주식회사(구 제일약품 주식회사)로부터 인적분할되어 설립된 분할신설회사임.
동사는 혁신신약 및 개량신약 개발에 집중적으로 투자하고 있음. 현재 박사급 12명(중앙연구소 10명, 제제기술연구소 2명), 석사급 60명 등 총 114명의 연구개발 관련 인력을 보유하고 있음.
주요 제품은 넥실렌, 란스톤 캡슐, 클로피린 캡슐, 티에스원 캡슐 등임.
출처 : 에프앤가이드"
제일파마홀딩스,"의약품(타리비드,제일파프,노엘,푸라솔) 제조,도매",회사 본부 및 경영 컨설팅 서비스업,"기업개요
동사는 2017년 인적분할을 하였고, 분할전회사인 제일약품이 보유한 자회사 및 관계회사 지분 모두를 보유하며 이에 따른 지분법이익 및 자회사 관리 그리고 투자자산에 대한 임대업을 주된 영업으로 하고 있음.
종속회사 제일약품의 주요제품은 리피토, 리리카, 쎄레브렉스, 뉴론틴 캡슐 등이며, 제일헬스사이언스의 주요제품은 케펜텍, 한방파프수 등이 있음.
종속회사 제일앤파트너스는 제일약품의 완제의약품의 판매대행을 주된 영업으로 하고 있음.
출처 : 에프앤가이드"
종근당홀딩스,"의약품(항생제,위궤양치료제,장기이식면역억제제,고지혈증치료제(로바이드)) 제조,도매",의약품 제조업,"기업개요
동사는 투자사업부문을 담당하는 (주)종근당홀딩스(존속법인)와 의약사업부문의 (주)종근당(신설법인)으로 2013년 11월 2일 인적분할을 통해 지주회사 체제로 전환.
당분기말 현재 공정거래법상의 자회사 요건을 만족하는 회사는 (주)종근당, (주)경보제약,(주)종근당바이오 등 총 8개 회사가 있음.
동사의 매출액은 경영자문료, 브랜드사용료, 배당금수익 등으로 구성되어 있음.
출처 : 에프앤가이드"
한미사이언스,"항생제(세포탁심,세포트리악손),유산균정장제(메디락비타,메디락베베),위장관운동조절개선제(설프라이드),고혈압치료제(유니바스크),원료의약품,식품 제조,판매",기타 금융업,"기업개요
동사는 사업형 지주회사로서 자회사의 지분이익, 특허권 및 상표권 사용료 수입, 계열사 관리 등을 통해 자체적으로 수익을 창출하고 있으며, 이를 기반으로 신약개발의 리스크 분담, 중장기 비전 수립 등에 매진.
연결회사의 영업부문은 지주부문, 의약품도매부문, 기타부문으로 구성됨.
HMP몰과 같은 온라인 거래 플랫폼과 300여명의 약국 영업 인프라를 바탕으로 전국 약국에 약품을 공급하고 있음.
출처 : 에프앤가이드"
CJ 바이오사이언스,"생명정보 플랫폼, 마이크로바이옴 분석 서비스",자연과학 및 공학 연구개발업,"기업개요
동사는 2009년 설립되어 2019년 코스닥시장에 상장하며 마이크로바이옴 치료제 신약개발과 마이크로바이옴 생명정보 분석서비스 및 마이크로바이옴 기반 맞춤형 헬스케어 사업을 영위함.
생명정보 분석핵심 역량과 BT/IT 융합 기술을 보유한 유전체 빅데이터 기반의 마이크로바이옴 플랫폼기업임.
주요 제품으로는 'EzBioCloud 플랫폼', 'NGS/BI 통합 솔루션', 'TrueBac ID' 등이 있음.
출처 : 에프앤가이드"
강스템바이오텍,줄기세포치료제,기초 의약물질 및 생물학적 제제 제조업,"기업개요
동사 및 종속회사 사업부문은 줄기세포, 화장품, 바이오파마, 비임상시험 등임.
동사의 줄기세포 사업은 자체 개발한 다분화능을 가진 줄기세포를 인간 제대혈로부터 고순도로 분리하고, 대량배양하는 기술을 기반으로 동종 제대혈 유래 줄기세포치료제(의약품) 연구개발을 주요 사업으로 영위하고 있음.
화장품 사업은 동사의 줄기세포 배양액을 기반으로 한 제품을 위주로 판매하고 있으며, 온라인유통망을 강화함.
출처 : 에프앤가이드"
노을,융복합 체외진단 플랫폼,의료용 기기 제조업,"기업개요
동사는 Embedded AI 기술과 자체 보유 원천기술인 NGSI 기술을 기반으로 혈액과 조직세포를 분석해 질병을 진단하는 차세대 진단검사 플랫폼 기업임.
주력 제품인 miLab Dx는 하나의 디바이스에서 말라리아 & 열 질환, 혈액분석, 암 진단 등 3개 분야에서 총 8개 종류의 질병 진단이 가능한 플랫폼임.
miLab Viewer는 원격 진단 뷰어로서, 디바이스와 클라우드에 접속해 진단결과를 볼 수 있는 서비스임.
출처 : 에프앤가이드"
농우바이오,"고추, 수박, 참외(메론), 오이, 호박, 무, 배추 등",작물 재배업,"기업개요
동사는 1990년 6월 종자 육종 및 육성연구에 대한 제반사업 등을 영위할 목적으로 설립되어 수원시에 본사를 두고 경기도 여주군 등에 육종연구소와 지점을 설치/운영하고 있음.
주요 매출원은 고추, 수박, 무, 배추 등 각종 종자매출이며, 원예 및 수도용 상토사업도 영위중.
국내 김제와 중국, 미국, 인도 등에 종자연구 및 생산과 판매를 영위하는 연결대상 종속회사 8개사를 보유중임.
출처 : 에프앤가이드"
대한과학,"의료, 정밀 및 연구실험기기 제조 및 유통",기계장비 및 관련 물품 도매업,"기업개요
동사는 과학기술분야 R&D의 필수과정인 연구, 실험에 사용되는 연구용 실험기기를 유통 및 제조하는 국내 최대의 실험기기 종합 서비스 기업
실험에 사용되는 3만여 가지의 실험기기를 소싱하여 전문적인 서비스와 함께 공급하며, 초저온 냉동고, 회전진공농축기 등 고부가가치 위주의 프리미엄급 연구용 실험장비를 생산 중임.
연결대상 법인으로 연구용 실험기기를 제조하는 싸이랩코리아 등 5개사를 보유하고 있음.
출처 : 에프앤가이드"
동구바이오제약,"피부, 비뇨기과 완제의약품",의약품 제조업,"기업개요
동사는 전문의약품, CMO, 의료기기, 화장품 등 의약품 및 의약외품 제조업 및 판매업을 영위하는 의약품 및 의약외품 사업부문이 있음.
또한 신기술사업금융업을 영위하는 신기술사업금융 사업부문, 동구바이오제약 및 타 제약사 의약품에 대한 마케팅 대행업을 영위하는 마케팅대행 사업부문을 보유.
신기술사업금융 부문에서 바이오텍/플랫폼/혁신기술기업 중심의 투자활동 및 모기업과의 시너지를 통한 차별적 경쟁우위를 바탕으로 사업을 진행중.
출처 : 에프앤가이드"
루닛,Lunit INSIGHT,소프트웨어 개발 및 공급업,"기업개요
동사의 상호는 설립시 클디였으며, 2015년 10월 20일 상호를 현재의 루닛으로 변경함.
동사는 현재 딥러닝 기술을 통해 인간의 시각적 한계를 보완하는 판독 보조(AI-assisted detection) 솔루션을 개발하여 상용화하였음.
주요 제품 및 서비스로는 암 진단 관련 영상 판독 보조 솔루션인 Lunit INSIGHT와 암 치료 관련 이미징 바이오마커 솔루션인 Lunit SCOPE이 있음.
출처 : 에프앤가이드"
모비스,기업인수합병,"컴퓨터 프로그래밍, 시스템 통합 및 관리업","기업개요
동사는 2016년 설립되어 하나금융인수목적 주식회사와 합병을 통해 2017년 코스닥 시장에 상장하였고, 피합병회사인 모비스는 2000년 설립되었음.
동사는 국가 차원에서 수행되는 대형 과학 프로젝트인 빅사이언스 시설물 제어에 필요한 제어시스템 및 장비를 공급하는 사업을 영위하고 있음.
2018년 9월 블록체인 기반한 P2P 광고 플랫폼 및 솔루션 제공을 하는 블록베이스 지분을 획득함.
출처 : 에프앤가이드"
미코바이오메드,체외진단용 의료기기,의료용 기기 제조업,"기업개요
2020년 코넥스에서 코스닥으로 이전상장한 미코바이오메드는 랩칩 (Labchip) 기술을바탕으로 현장진단 (POCT)에 최적화된 토탈 솔루션을 제공하는 체외진단 전문기업임.
동사는 2021년 2월 브라질 파트너와 합작법인을설립하고, 감염성 질환, 열대병 질환, 식중독등 진단 키트, 장비, LabChip의 생산 및 판매중임.
동사는 항원-항체 결합을 기반으로 하는 면역측정법인 ELISA 문제점을 개선한 기술을 보유하고 있음.
출처 : 에프앤가이드"
바이넥스,"정장제, 소화제",의약품 제조업,"기업개요
동사는 1957년 12월에 설립되어 2000년 4월 바이넥스로 상호를 변경하였으며 2001년 7월 코스닥시장에서 매매거래가 개시되었음.
동사는 1957년 12월에 설립되어 2000년 4월 바이넥스로 상호를 변경하였으며 2001년 7월 코스닥시장에서 매매거래가 개시되었음.
동사는 국내 대부분의 제약기업 및 바이오기업이 개발하고 있는 바이오의약품의 개발 및 생산을 수행하고 있음.
출처 : 에프앤가이드"
바이오에프디엔씨,식물세포 유래 유효물질 및 약리물질,기초 의약물질 및 생물학적 제제 제조업,"기업개요
동사는 식물세포 플랫폼 기술을 기반으로, 식물세포 유래 유효물질 및 약리물질 연구개발 및 생산을 주사업으로 영위하고 있음.
250여종의 세계 최대식물세포를 보유하고 있으며, 세계 최초로 식물세포 동결보존에 성공하여 식물세포를 지속적으로 활용할 수 있는 Plant Cell Banking 시스템을 구축함.
식물세포 유래 줄기세포 촉진제, 배뇨 개선제/요실금 치료제, 위염/위암 치료제 등의 상업화를 계획하고 있음.
출처 : 에프앤가이드"
바이오인프라,"생동성시험, 검체 분석",자연과학 및 공학 연구개발업,"기업개요
동사는 의약품을 개발하는 제약사나 의료기기 제조업체, 건강기능식품 개발사 또는 연구기관으로부터 비임상(독성 및 효능)과 임상시험을 위탁받아 연구를 수행하고, 객관적 시험 결과를 전달하는 역할을 하는 CRO기관임.
동사는 2021년 생동성시험승인계획서 승인 건수 기준 점유율 1위를 차지하고 있음.
분석에 있어서는 국내에서 유일하게 WHO 실사를 통과하고 Pfizer사의 위탁시험을 실시하는 등 높은 품질과 신뢰도를 인정받고 있음.
출처 : 에프앤가이드"
셀바스헬스케어,"체성분측정기, 혈압계, 점자정보단말기",의료용 기기 제조업,"기업개요
동사는 의료진단기기 및 시각보조공학기기 제품 개발 및 판매를 위해 1999년 1월 21일 설립됨.
동사는 체성분분석기와 전자동혈압계 등 의료진단기기 사업부문 '아큐닉(ACCUNIQ)'과 점자정보단말기, 전자독서확대기 등 시각장애인 보조공학기기 사업부문 '힘스(HIMS)'로 구성됨.
힘스(HIMS) 사업부문의 시각장애인 보조공학기기 국내 시장은 동사가 99% 이상을 점유하고 있음.
출처 : 에프앤가이드"
씨유메디칼,심장제세동기,의료용 기기 제조업,"기업개요
동사는 응급 의료기기 사업을 주 사업으로 하며, 주요고객은 병원, 소방서, 공공기관, 기업체 등. 일반인 사용 제품군부터 병원 전문 제품군까지 고루 갖추고 있음.
IoT를 이용한 원격관리 및 그룹관리 시스템, 가정용 Home AED 시스템 등의 개발로 향후 시장에 대응을 지속함.
IoT를 이용한 원격관리 및 그룹관리 시스템, 가정용 Home AED 시스템 등의 개발로 향후 시장에 대응을 지속함.
출처 : 에프앤가이드"
아스타,MALDI-TOF 질량분석기 기반 진단시스템,의료용품 및 기타 의약 관련제품 제조업,"기업개요
동사는 MALDI-TOF 질량분석기를 기반으로 차세대 진단 시스템을 개발하여 기존의 전통적인 진단방법/시스템을 개선하고자 하는 바이오 벤처기업임.
주요 제품인 MALDI-TOF 기반 진단시스템은 사전에 표준화된 각종 질병에 대한 데이터를 분석하여 질병의 유무를 진단하는 시스템임.
암 진단을 비롯하여 사람의 질병을 진단하는 의료분야 외에 동물 질병진단 분야로 MALDI-TOF 질량분석 기술의 적용 범위를 확대하였음.
출처 : 에프앤가이드"
아이센스,"혈당측정스트립, 혈당측정기기 등",의료용 기기 제조업,"기업개요
2000년 설립되었으며 혈당측정기 및 혈당측정스트립, 혈액분석기와 같은 화학 및 바이오센서 등을 개발, 제조 및 판매하는 사업을 영위하고 있음.
주요 사업부문으로는 당뇨병환자 및 정상인 누구나자신의 혈당수치를 자신이 직접 측정할 수있게 해주는 ;혈당측정기 부문'과 병원용진단 장비인 '현장진단(POCT) 부문'으로 구성되어 있음.
적은 채혈량과 빠른 측정시간의 사양을 갖춘 자가혈당측정기를 출시한 이후 세계시장에서 기술력을 인정받음.
출처 : 에프앤가이드"
앱클론,항체의약품,의료용품 및 기타 의약 관련제품 제조업,"기업개요
동사는 2010년에 설립된 난치성 질환 치료 목적의 항체신약 개발 전문 기업이며, 2017년 9월에 코스닥 시장에 기술특례 상장함.
동사 보유 기술은 NEST, AffiMab, CAR-T 등 플랫폼 기술로 파이프라인 확장성이 높음. 보유 기술을 통해 블록버스터 항체의약품과 병행치료 효과를 낼 수 있는 항체신약을 개발중.
개발한 신약은 직접 판매하지 않고 다국적제약사 등에 전임상 단계에서 License-out하여 수익창출함.
출처 : 에프앤가이드"
에이디엠코리아,임상 CRO 서비스,자연과학 및 공학 연구개발업,"기업개요
동사는 임상시험수탁기관(CRO)으로 제약회사, 바이오벤처 등에 임상시험과 관련한 전 영역에 걸친 서비스를 제공하고 있음.
주요 서비스 영역은 허가 목적의 임상시험으로서 전체 매출의 약 70%에 달하며, 시판 후 조사(PMS) 분야와 기타(개발, 허가, 컨설팅 분야) 서비스도 제공하고 있음.
DNA를 소재로 사용하여 피부 안으로 유효한 약물을 전달하는 나노마이크로 DNA 니들패치 기술을 이용한 제품을 개발 및 판매하고 있음.
출처 : 에프앤가이드"
에이프릴바이오,항체의약품 및 재조합 단백질 의약품,자연과학 및 공학 연구개발업,"기업개요
동사는 교원 창업 형태로 설립된 신약 후보물질 연구 및 개발을 영위하고 있으며, 2013년 1월 30일 설립됨.
당사는 신약 후보물질을 개발하는 연구개발 전문기업으로, 신약 후보물질을 임상1상전후로 기술이전하여 기술료를 통해 수익을 창출하는 사업을 영위하고 있음.
원하는 타겟 항원 결합 능력을 지닌 신약 후보물질을 획득하는 '항체라이브러리' 기술과 약효단백질의 혈청 내 반감기를 증대시키는 'SAFA플랫폼' 기술을 보유 중.
출처 : 에프앤가이드"
옵티팜,"옵티케어,메디피그 등",의료용품 및 기타 의약 관련제품 제조업,"기업개요
동물관련 사업과 인체관련 사업을 동시에 영위하는 회사로 2000년 설립되어 동물질병진단사업, 동물약품사업 및 박테리오파지 사업을 통해 사업 영위.
인체사업으로는 미니피그를 이용한 이종장기, VLP백신, 인체진단키트 연구개발을 주축으로 생명공학 부문 또한 진출한 경쟁력 보유 업체.
농림축산검역본부로부터 84개 질병, 212개 검사항목을 지정 받았으며 환경부로부터 야생동물 질병진단기관으로도 지정 받아 관련 영역을 확장해가고 있음.
출처 : 에프앤가이드"
제일바이오,동물사료첨가제,의약품 제조업,"기업개요
동사는 동물의약품 전문회사로 1977년 설립되어 2002년에 코스닥시장에 상장하였으며 2002년 사명을 제일화학에서 제일바이오로 변경함.
동사는 발효를 기반으로 하는 동물약품을 연구개발 및 제조·판매하고 있으며 제품제형화와 일반사료첨가제 사업에 대한 연구개발성과를 상업화하고 있는 중임.
국내 발효설비를 보유하고 순수 우리 기술에 의하여 개발된 원료를 생산 판매 수출해오고 있다는 점에서 선도적인 입지에 올라 있음.
출처 : 에프앤가이드"
조아제약,"의약품,의약부외품,보건보조식품,위생용품의제조판매",의약품 제조업,"기업개요
동사는 1988년 5월 삼강제약사를 인수하여 의약품 제조 및 판매업을 주 영업목적으로 설립되었고 1996년 법인전환을 하였으며, 조아제약으로 상호변경하였음.
동사는 의약품 및 의약외품의 제조 및 판매업 등을 주요 사업으로 영위하고 있음.
회사 설립 초기부터 일반의약품을 통한 약국영업에 주력해 조아바이톤, 헤포스, 가레오, 훼마틴, 잘크톤 등 총 200여 가지의 의약품 및 건강기능식품을 생산, 공급하고 있음.
출처 : 에프앤가이드"
큐라티스,"백신 및 면역증강제 개발제조업, CMO/CDMO",자연과학 및 공학 연구개발업,"기업개요
동사는 「백신 개발 플랫폼 기술」을 바탕으로 성인 및 청소년용 결핵백신 QTP101 및 차세대 mRNA 코로나19백신 QTP104를 개발하고 있음.
동사는 단순히 기술이전 및 로열티 수익을 목표로 하는 여타 바이오벤처들과는 달리 기술을 자체적으로 상업화하는 것에 최종목적을 두고 있음.
오픈 이노베이션을 필요로 하는 개발역량이 부족한 업체를 대상으로 CMO 및 CDMO 사업을 통해 사업의 자립성 및 연속성을 확보하고 있음.
출처 : 에프앤가이드"
티앤알바이오팹,"생분해성 의료기기, 3D 바이오프린팅 시스템, 바이오잉크, 3D 오가노이드, 3D 세포치료제",기초 의약물질 및 생물학적 제제 제조업,"기업개요
동사는 세포프린팅에 필수 재료라 할 수 있는 바이오잉크의 상용화를 완료하였고, 3D 바이오프린팅(세포 프린팅 포함) 시스템을 독자 개발함.
생분해성 인공지지체는 조직 공학 기술을 이용하여 생물학적 조직의 형성 및 재건에 도움을 주는 제품이며, 두개악안면 재건과 교정 및 성형 2개의 카테고리로 구분됨.
그 외에도 체외실험용 3D 오가노이드 (장기유사체) 및 3D 세포치료제를 개발하기 위한 연구를 진행 중임.
출처 : 에프앤가이드"
프로테옴텍,알레르기 진단 제품,의료용 기기 제조업,"기업개요
동사는 알레르기 진단제품을 필두로 항생제 감수성 진단, 현장진단 등 체외진단 의료기기 전 분야를 아우르는 사업을 영위.
인체용 알레르기 다중진단제품 ‘프로티아 알러지-큐’를 비롯한 전기용량 측정방식의 항생제 감수성을 검사할 수 있는 ‘프로티아 AST DL001’ 등 제품 개발을 통해 NET신기술 4건을 획득하고 장영실상을 2회 수상.
알레르기 진단제품의 경우 국내시장의 45%이상의 점유율과 전 세계 47개국에 제품을 수출중임.
출처 : 에프앤가이드"
프롬바이오,개별인정형 건강기능식품,기타 식품 제조업,"기업개요
동사는 2006년 6월 26일 건강기능식품원료 및 식품원료 도.소매를 주사업으로 영위할 목적으로 설립됨.
주요 제품은 노바렉스, 코스맥스바이오, 콜마비앤에이치 등의 전문생산업체를 통해 외주생산되고 있으며, 홍삼제품군 및 과채주스 등 일부 품목은 동사의 익산공장을 통해 자체생산하고 있음.
건강기능식품 및 건강지향식품 완제품을 홈쇼핑, 온라인, 백화점 및 대형마트 등의 채널을 통해 유통/판매함.
출처 : 에프앤가이드"
피제이전자,EMS Business(의료용기기제조외),의료용 기기 제조업,"기업개요
동사는 전자제품생산을 전문으로 하는 사업(EMS)을 영위하는 회사로 1969년 7월 설립되었으며 1993년 코스닥시장에 상장.
동사는 토탈 제조 시스템을 갖추고 고객 요구에 맞는 전자제품을 제조, 공급하는 전자제품생산(EMS) 전문업체임.
GE 및 SIEMENS BRAND로 국내외에 판매되는 초음파진단기를 전문생산하여 한국지이초음파등에 기존의 모델 이외에 신규 모델의 Order를 수주받아 공급.
출처 : 에프앤가이드"
녹십자,"알부민외 제조,판매",의약품 제조업,"기업개요
동사와 연결대상 종속회사의 주요 사업은 혈액제제와 백신제제를 필두로 전문의약품, OTC제제 등의 의약품 제조 및 판매함.
사업부문 중 '의약품 등 제조 및 판매'는 혈액제제류, OTC류, 일반제제류, 백신제제, 기타로 나뉘며 '검체 등 진단 및 분석' 사업부문은 혈액 진단 및 유전자 분석을 주요 제품 및 서비스로 함.
혈액제제류의 주요 상표로는 알부민, 아이비글로블린, Advate 외가 있음.
출처 : 에프앤가이드"
대원제약,"의약품(해열소염진통제,진해거담제,동맥경화용제,혈압강하제 등), 건강기능식품(프로바이오틱스 등)",의약품 제조업,"기업개요
동사는 의약품 제조 및 판매를 주요 사업으로 영위하는 업체이며, 신약/개량신약/제네릭의약품 등을 국내 병/의원/약국을 대상으로 공급하고 있음.
선진 GMP급 생산시설과 특화된 제품력을 기반으로 국내 유수의 제약기업의 의약품을 생산/납품하는 수탁(CMO) 사업과, 세계 시장에 완제의약품 및 의료기기 등을 수출하는 해외사업을 영위.
국내 최초의 짜먹는 감기약 콜대원으로 대표되는 일반의약품 사업 진행 중.
출처 : 에프앤가이드"
동아에스티,"스티렌, 자이데나",의약품 제조업,"기업개요
동사는 구 동아제약에서 인적분할하여 2013년 3월 1일에 설립된 신설법인으로 2013년 3월 4일에 등기되었으며, 주권은 2013년 4월 8일에 재상장 됨.
자가개발의약품, 바이오의약품, 제네릭, 도입의약품 등 다양한 제품 포트폴리오를 가지고 있으며 다수의 블록버스터 제품을 바탕으로 시장지배력을 강화함.
의료 서비스 기대치 상승에 부응하는 의약품 연구개발 활성화 등으로 인해 국내 제약산업의 계속적인 성장을 기대하고 있음.
출처 : 에프앤가이드"
에이프로젠바이오로직스,"의약품(항생제,영양수액제,드링크제,철결핍성빈혈예방치료제,경옥동충하초) 제조,판매",의약품 제조업,"기업개요
동사는 의약품 등의 제조, 판매를 주요 사업으로 하고 있으며, 1984년 코스피 시장에 상장됨.
동사의 연결종속회사의 사업부문은 수익을 창출하는 재화와 용역의 성격, 시장의 특성 등을 고려하여 부문별 현황과 성과를 적절히 반영할 수 있도록 의약품 사업, 단열사업으로 구분함.
연결대상에 포함된 종속회사인 에이프로젠헬스케어앤게임즈는 의약품 도매업을, 에이프로젠파마는 의약품 도소매업을 주요 사업으로 하고 있음.
출처 : 에프앤가이드"
일동홀딩스,"의약품 제조,도매",의약품 제조업,"기업개요
동사는 지주회사로서 2023년 3월 31일 기준 일동제약, 일동바이오사이언스, 아이디언스를 포함하여 총 9개의 사업부문을 이루고 있음.
동사는 제약, 주류, 패션, 자동차, 가전, 택배, 식품 분야 등 7대 전략 업종을 선정, 지원 사업 전개, IoT 신시장 창출 및 소비자 시장에서의 활용 확대를 대비한 기술개발 및 사업을 추진.
동사의 유니기획은 수의계약과 같은 방법으로 광고대행사로 선정되어 대행업무를 수행.
출처 : 에프앤가이드"
한미약품,의약품,의약품 제조업,"기업개요
의약품 제조 및 판매를 주 사업목적으로 하고 있으며 주요 제품으로는 고혈압치료제(아모디핀), 복합고혈압치료제(아모잘탄) 등이 있음.
원료의약품 제조 및 판매업을 영위하는 한미정밀화학 및 의약품 제조 및 판매업 영위 업체 북경한미약품유한공사를 주요 자회사로 보유하고 있음.
호중구감소증 치료제 롤론티스 및 얀센에 기술 이전한 비만치료제 HM12525A, NASH 치료제 HM15211 임상에 따른 파이프라인 경쟁력을 확보함.
출처 : 에프앤가이드"
한올바이오파마,"의약품 제조,도매/부동산 임대",의약품 제조업,"기업개요
동사는 내분비계, 순환기계, 비뇨기계 등 다양한 포트폴리오 기반의 160여개 전문ㆍ일반의약품을 생산, 판매하고 있음.
2004년부터 글로벌신약 R&D를 통한 기업혁신으로 핵심 연구인력 확보와 연구시설 확충 등 R&D 인프라를 구축하였음.
Anti-TNF 바이오신약, 그리고 인체의 항암 면역작용을 강화하여 암을 치료하는 신규 작용 타깃의 항암 면역항체신약 등을 연구하고 있음.
출처 : 에프앤가이드"
환인제약,"의약품(신경정신질환치료제,소화기관용약제,연고) 제조,도매",의약품 제조업,"기업개요
동사와 그 종속기업(이하 ""연결실체"")의 지배기업인 환인제약 주식회사(이하 ""지배기업"")는 1982년 12월 16일 설립되어 의약품 제조 및 판매를 주요 영업으로 함.
의약품을 제조하여 병원 등에 판매를 주요사업으로 하고 있으며, 회사 전체 매출액 중 80%이상이 정신신경용제 매출이 차지함.
2022년 IMS DATA 기준 국내 정신치료 약물시장의 점유율 1위.
출처 : 에프앤가이드"
CMG제약,의약품,의약품 제조업,"기업개요
동사는 2001년 8월 코스닥에 상장하였으며, 2014년 4월 판교 차바이오 컴플렉스 내 R&D 및 Business 인프라를 구축하였음.
세계 최초의 필름형 조현병 치료제인 ""데핍조”(아리피프라졸 ODF)를 미국 FDA에 판매승인 신청하였으나 코로나19로 인하여 예상보다 지연되고 있음.
차바이오텍과 함께 줄기세포치료제, 면역세포치료제 등 다양한 세포치료제 기반 기술을 통한 글로벌 CDMO사업에 참여하고 있음.
출처 : 에프앤가이드"
고바이오랩,마이크로바이옴 치료제 및 건강기능식품,자연과학 및 공학 연구개발업,"기업개요
동사는 2014년 8월 설립되었으며, 마이크로바이옴 신약 사업과 기능성 프로바이오틱스 사업을 주요 사업으로 영위.
신약 개발 플랫폼인 Smartiome(스마티옴)을 구축하였고, 인체 마이크로바이옴 기반 후보물질 발굴에서부터 임상시험 및 제품화 단계에 이르기까지의 전 과정을 자체 수행할 수 있음.
2023년 4월, KBLP-007(염증성 장질환 치료제)의 식품의약품안전처(MFDS) 2a 임상 시험 계획을 승인 받았음.
출처 : 에프앤가이드"
나노엔텍,의료기기 및 실험기기,의료용 기기 제조업,"기업개요
동사는 랩온어칩 기술 기반의 현장진단 의료기기(POCT-Point of Care Testing)와 생명공학 연구기기 제조 및 판매기업임.
미국 써모피셔사와 펄킨엘머사에 생명공학 분야에 대한 제휴를 체결하여 OEM/ODM 방식으로 생명공학 연구기기 제품을 공급 중임.
동사는 나노단위의 Bio-MEMS 핵심기술을 보유하고 있으며, 2022년 9월 기준 총 142건(국내 44건, 해외 98건)의 특허 외 지식재산권이 등록되어 있음.
출처 : 에프앤가이드"
나이벡,"치아미백제,치과용 골이식재",의료용품 및 기타 의약 관련제품 제조업,"기업개요
펩타이드를 기반으로 하는 플랫폼 사업을 비롯하여 펩타이드 의약품 사업을 영위하고 있으며, 펩타이드 융합바이오 소재, 조직재생용 바이오소재, 구강보건제품 등을 제품화하여 제조 판매하고 있음.
주요 제품으로는 펩타이드 융합바이오소재, 치과용 골이식재, 콜라겐바이오소재, 치과용 항생연고, 치과용 컨디셔너와 치아미백제 등이 있음.
펩타이드 원천 기술력을 바탕으로 국내 및 미국에 이어 유럽에서도 재생치료 관련 특허 등록을 완료.
출처 : 에프앤가이드"
노바렉스,건강기능식품 제조,기타 식품 제조업,"기업개요
동사는 건강기능식품 제조 및 수출입업, 건강기능식품원료 제조 및 수출입업, 건강기능식품 연구업 등을 주요 사업으로 하여 건강기능식품업을 영위할 목적으로 2008년 11월 27일 설립.
2018년 11월 14일자로 코스닥시장에 상장 됨.
국제적으로 약 40여개국의 파트너쉽을 가지고 직접 수출입을 진행하여 원료부터 제품까지 Total Service를 할 수 있는 OEM 영업을 전개하고 있음.
출처 : 에프앤가이드"
뉴트리,"에버콜라겐, 지노마스터 등",기타 식품 제조업,"기업개요
동사는 천연물 유래 이너뷰티 건강기능식품 소재 및 완제품을 개발하고 유통하는 이너뷰티 전문기업임.
이너뷰티 시장을 피부건강(뷰티)식품과 다이어트 식품을 포함한 시장으로 자체 규정하고 이 시장을 타겟으로 사업을 영위하고 있음.
피부건강(뷰티), 다이어트, 건강지향적인 슈퍼푸드 식품군, 기능성 식품의 4가지 제품군으로 홈쇼핑, 온/오프라인, TM(텔레마케팅), 네트워크마케팅판매 등의 B2C 및 오프라인의 B2B 경로를 통해 판매함.
출처 : 에프앤가이드"
대봉엘에스,"원료의약품,화장품원료",의약품 제조업,"기업개요
동사는 1986년 설립 이래 쌓아온 아미노산 제조관련 핵심기술을 바탕으로 원가 및 품질경쟁력을 갖춘 업체로 원료의약품, 화장품소재, 식품첨가물 원료등을 제조 공급하고 있음.
원료의약품분야로 호흡기, 고혈압, 소화기, 고지혈증 치료제 및 아미노산 유도체를 취급하고 있으며 특히 고혈압 치료제, 호흡기 치료제 분야에 강점을 가짐.
천연화장품 COSMOS 인증을 37개 품목 완료, RSPO 정식인증 제품 유통 라이선스도 획득하였음.
출처 : 에프앤가이드"
루트로닉,의료용레이저기기,의료용 기기 제조업,"기업개요
동사는 레이저의료기기사업 등을 영위할 목적으로 1997년 7월에 설립되었으며 동사의 주식은 2006년 7월 4일자로 상장되어 코스닥시장에서 매매가 개시됨.
종속회사를 통해 미국, 일본, 중국, 유럽에 레이저 의료기기를 비롯한 각종 광학의료기기 판매 등의 사업을 영위하고 있음.
에스테틱 레이저 의료기기 국내 1위 (시장점유율 20% 이상) 기업임. 북미·유럽 등 해외 수출비중이 높음.
출처 : 에프앤가이드"
메타바이오메드,"생체분해성봉합사,근관충전재",의료용품 및 기타 의약 관련제품 제조업,"기업개요
동사는 1990년 설립되어 치과용재료 및 기기, 생분해성 봉합원사, 미용성형용 원사 및 관련상품, 정형외과 및 치과용골수복재, 의료기기 제품을 연구, 개발, 생산하여 판매하고 있음.
동사 및 종속회사의 사업부문은 덴탈, 봉합사, 메디컬, 성형사, 통신장비 사업부문의 총 5개 사업부문으로 구분됨.
동사는 생체 분해성 합성 봉합원사 제품을 생산하고 있음. 합성 봉합원사 제품은 제품화 진입장벽이 높아 세계적으로 소수 기업만이 생산함.
출처 : 에프앤가이드"
보로노이,표적치료제,기초 의약물질 및 생물학적 제제 제조업,"기업개요
동사는 신약 후보물질을 개발하는 연구개발 전문기업으로, 신약 후보물질을 전기임상(임상 1상, 2a) 이전에 기술이전(License-Out, L/O)하는 사업을 영위하고 있음.
동사는 세포 내 신호전달을 담당하는 550여 개의 인산화효소(Kinase) 중 질병의 원인이 되는 인산화 효소에 선택적으로 결합하여, 그 기능을 조절하여 병을 치료하는 표적치료제 분야에 집중하고 있음.
보로노이바이오와 비투에스바이오를 자회사로 두고 있음.
출처 : 에프앤가이드"
비엘,"자궁경부상피이형증 치료제, 자궁경부전암 치료백신",자연과학 및 공학 연구개발업,"기업개요
HumaMAX? platform과 MucoMAX? platform 원천기술에 대한 세계적 원천특허 및 용도특허를 근간으로 1999년 12월 설립되어 2016년 코스닥 시장에 상장됨.
MucoMAX?을 이용한 신약개발사업(자궁경부전암 치료제, 백신 아쥬반트)과 의약품 유통사업을 영위.
신규사업으로 이스라엘 와이즈만연구소의 기술지주회사인 예다와 합작하여 설립한 이스라엘 현지법인인 퀸트리젠을 통한 바이오항암신약개발사업을 추진하고 있음.
출처 : 에프앤가이드"
비트컴퓨터,의료정보시스템,소프트웨어 개발 및 공급업,"기업개요
동사는 1983년 8월 15일에 설립되었으며 1997년 7월 4일 코스닥시장에 상장됨.
주요 사업으로는 3차 의료기관부터 2차, 1차 의료기관과 약국에 이르기까지 다양한 규모의 의료기관에서 필요로 하는 의료정보사업, 디지털헬스케어사업 및 IT교육사업을 영위하고 있음.
의료정보사업부문은 병원, 의원, 약국에 이르는 의료기관에서 필요로 하는 의료정보소프트웨어를 개발, 공급하는 사업으로 창업이래 시장점유율 1위를 줄곧 유지하고 있음.
출처 : 에프앤가이드"
셀바스AI,인공지능 솔루션 등,소프트웨어 개발 및 공급업,"기업개요
동사는 1999년 설립되어 2009년 코스닥시장에 상장한 국내 1호 인공지능 전문기업임.
동사는 인공지능 전문기업으로, 24년간의 HCI 연구개발로 기술 경쟁력 강화는 물론, AI 융합 제품화와 다양한 도메인과의 협업으로 AI Digital Transformation을 주도해 나가고 있음.
현재 음성합성 국내시장점유율 1위, 국내 유일 필기지능 기업, 음성인식 인식률 98% 이상, 원천 기술 특허 79건을 보유하고 있음.
출처 : 에프앤가이드"
솔고바이오,"가정용 온열치료기, 의료기구",의료용 기기 제조업,"기업개요
동사는 척추,골절,인공관절용 생체용금속(임플란트), 외과용 수술기구, 온열전위자극기 및 온열매트 등 헬스케어 제품을 제조, 판매하는 사업을 영위함.
메디칼 사업부문에서는 외과용 수술기구는 외과용, 내과용, 정형외과용, 이비인후과용, 특수 주문품 등으로 생산 품목을 다양화하여 수입대체는 물론 해외에도 수출함.
노령인구의 증가와 척추전문병원의 확대, 탄탄한 영업 네트워크, 가격경쟁력을 바탕으로 내수시장의 수요는 꾸준히 증가할 전망임.
출처 : 에프앤가이드"
안국약품,"그랑파제, 토비콤-S",의약품 제조업,"기업개요
동사는 1959년 의약품의 제조 및 판매를 영위할 목적으로 설립되었으며 주요 제품으로는 레보텐션, 레토프라, 시네츄라 등이 있음.
진해거담제시장, 소화기계시장 등에서 높은 시장점유율을 차지하고 있으며, 주요거래처는 종합병원, 의원, 도매상, 약국 등임.
'세계적인 신약개발과 Global Marketing' 이라는 비전을 가지고, 신제품 파이프라인 강화를 목표로 연구개발에 집중함.
출처 : 에프앤가이드"
압타머사이언스,압타머기반 신약개발 및 진단제품 개발,자연과학 및 공학 연구개발업,"기업개요
동사는 2011년 4월에 포항공대에서 spin-off 한 연구개발 기반 바이오기업으로 압타머 분야의 글로벌 선도기업임.
AlloMAp과 BiFAp 2개의 플랫폼을 기반으로 당뇨 등 대사질환과 암질환 분야에서 first-in-class 신약을 개발, 글로벌 제약사에게 라이센싱하거나 regional player와 공동개발하여 수익 창출.
코로나19 치료제 및 진단키트를 개발 중이었으나, 중증화율 감소 등의 사유로 개발 중단함.
출처 : 에프앤가이드"
압타바이오,"용역매출, 유전자전달체, 압타머연구용시약",자연과학 및 공학 연구개발업,"기업개요
동사는 2019년 6월 코스닥 시장에 상장하여 3가지 독창적인 플랫폼을 바탕으로 혁신신약 개발 사업을 영위하고 있음.
연구개발은 오픈이노베이션 컨셉으로 운영되며, 신약 후보물질 도출 연구 및 컨트롤 타워 역할은 자체 연구인력에 의해 수행되고 있음.
주요 매출 유형은 기술료와 시약판매 매출로 구분되며, 시약의 경우 연구활동 과정 중 생산된 연구용 시약을 고객의 요청에 의해 간헐적 재공정 작업하여 공급하고 있음.
출처 : 에프앤가이드"
에스티팜,원료의약품,의약품 제조업,"기업개요
동사는 2008년 8월 18일 유켐 주식회사로 설립되어, 2010년 9월 30일 삼천리제약을 흡수합병하면서 상호를 에스티팜으로 변경하였음.
동사는 근간이 되는 원료의약품 CDMO사업 분야를 확장하여, 신규사업 영역으로서 새로운 치료제 분야인 핵산치료제로 진출하였음.
아시아 1위, 글로벌 3위 내의 올리고뉴클레오타이드(oligonucleotide)제조 CDMO의 경쟁력을 보유하고 있음.
출처 : 에프앤가이드"
엔지켐생명과학,"EC-18(신약), 원료의약품",기초 의약물질 및 생물학적 제제 제조업,"기업개요
동사의 사업부문은 글로벌신약개발, 원료의약품, 글로벌백신 사업부문 3가지로 구성되어 있음.
동사와 라이센싱 계약을 맺을 파트너들은 모두 글로벌 또는 해당 국가에서 의약품 마케팅을 위한 인력, 조직, 영업망 및 노하우 등을 확보하고 있는 제약사임.
글로벌신약개발 사업부문은 신약물질 EC-18의 작용기전을 활용한 다양한 파이프라인을 발견하고, 2022년 1월 Covax Marketplace(백신 제조 및 공급회사) 등록.
출처 : 에프앤가이드"
옵투스제약,티어린프리점안액,의약품 제조업,"기업개요
동사는 2002년 9월 의약품 제조 및 도매 등을 주요 사업목적으로 설립되어 2013년 11월 '하이제1호기업인수목적'과의 흡수합병을 통하여 코스닥시장에 변경상장되었음.
무방부제 점안제의 경우 자사 제품 티어링프리점안액 등을 비롯해 하메론점안액 등 다양한 수탁제품까지 국내 일회용점안제시장에서 선도기업의 지위를 유지.
1회용 점안제에 대한 수요 증가로 청주 공장에 제조설비 증설을 통해 연간 생산능력 확대 및 시장 점유율 상승.
출처 : 에프앤가이드"
이글벳,"아바텍,아목사실린사 등",기타 전문 도매업,"기업개요
동사는 1970년 10월 5일에 개인기업인 이글케미칼공업사를 설립하였으며, 1983년 12월 6일에 주식회사 이글케미칼 법인으로 전환하였음.
동사가 영위하는 사업은 동물약품제조, 판매 등이며 그 외 부동산 임대업과 통신판매업 및 전자상거래 등의 사업을 함께 영위하고 있음.
동물약품시장은 시중 경기가 좋으면 축산물의 소비가 늘게 되고 동물약품 또한 사용량의 증가로 사업성이 양호해지는 특징이 있음.
출처 : 에프앤가이드"
이노테라피,"의료용지혈제, 밀폐제 및 접착제",의료용품 및 기타 의약 관련제품 제조업,"기업개요
동사는 의료용 지혈제를 생산하는 바이오기업임. 이는 자연계에 존재하는 홍합의 접착원리인 카테콜아민 화학구조를 바탕으로 함.
동사의 기반 기술은 수중 환경에서 강력한 접착력을 보이는 폴리도파민 표면개질 방법을 바탕으로 하고 있음.
혈액과 즉각적으로 반응하는 혁신재료 BiMM 라이브러리를 개발하였으며 지혈, 밀폐 등 다양한 성능을 발휘하는 제품으로 다각화할 수 있어 응용 분야가 넓음.
출처 : 에프앤가이드"
이지케어텍,의료정보시스템,소프트웨어 개발 및 공급업,"기업개요
동사는 2001년 서울대학교병원 전산실을 모태로 하여, 세계적인 의료정보시스템 전문기업을 목표로 분사ㆍ설립되었음.
의료기관에 임상적, 재무적, 운영상에 필요한 다양한 디지털 헬스케어 서비스 제공 및 통합 의료정보시스템 납품.
중대형병원에 특화된 BESTCare2.0과 중소형 병원 및 의원에 특화된 Edge&Next 의료정보시스템을 빠르게 확산시킴으로써 대한민국의 의료정보산업 발전에 앞장서고 있으며,해외시장에 수출하고 있음.
출처 : 에프앤가이드"
제놀루션,"핵산추출기기 및 시약, RNAi 사업 등",기초 의약물질 및 생물학적 제제 제조업,"기업개요
동사는 유전자 기반으로 하는 분자진단기기 사업과 RNAi(Ribonucleic Acid Interference) 연구 관련 제품 생산 및 서비스 사업을 진행하는 업체임.
동사의 의료기기 가운데 체외진단의료기기 부분을 연구개발, 판매하는 것을 주요 사업으로 영위함.
분자진단기기 사업은 인체로부터 유래된 시료를 추출할 수 있는 핵산추출시약과 시료로부터 RNA/DNA를 자동으로 추출할 수 있는 자동화핵산추출기기를 판매하고 있음.
출처 : 에프앤가이드"
제이브이엠,"전자동 정제,분류 및 포장시스템",일반 목적용 기계 제조업,"기업개요
동사는 약국 조제장비 개발, 생산, 판매를 목적으로 설립되어 2000년 병원/약국 자동화장비 및 소프트웨어의 개발, 제조, 판매로 사업을 확장하였고, 2016년 한미약품그룹의 자회사로 편입됨.
동사는 최첨단 약국 자동화 시스템을 주력으로 하고 있으며, 최첨단병원관리시스템인 인티팜의 판매를 통해 성장을 도모하고 있음.
한미사이언스의 자회사인 온라인팜을 통해 국내영업을 함. 그 외 북미, 유럽, 중국 등의 해외영업을 하고 있음.
출처 : 에프앤가이드"
젠큐릭스,유방암 예후진단 및 폐암/대장암 동반진단 제품/검사서비스,의료용품 및 기타 의약 관련제품 제조업,"기업개요
동사는 분자진단검사를 개발하는 기술기업으로, 2020년 기술특례상장으로 코스닥 시장에 상장.
암환자를 위한 분자진단검사 개발에 매진하여 아시아 최초 유방암 예후진단검사 '진스웰BCT'와 차세대 분석기술인 Digital PCR 기반의 동반진단검사 '드롭플렉스(Droplex)'를 출시함.
유방암 예후진단 검사인 진스웰 비씨티(GenesWell BCT)는 2020년 10월 한국보건의료연구원(NECA)으로부터 혁신의료기술로 인정받음.
출처 : 에프앤가이드"
테고사이언스,피부세포치료제,기초 의약물질 및 생물학적 제제 제조업,"기업개요
동사는 2001년에 설립되어 세포치료제 기반 화상치료제를 개발하고 생산/판매하는 바이오기업으로, 2014년 코스닥시장에 상장함.
사업 포트폴리오로 피부세포를 이용한 세포치료제 사업, 3차원배양 피부모델 사업이 있음.
주요 제품으로 심부2도, 3도화상에 대한 자기유래 세포치료제인 홀로덤, 심부2도화상 및 당뇨성 족부궤양의 동종유래 세포치료제인 칼로덤, 눈밑 주름개선을 적응증으로 하는 자기유래 세포치료제 로스미르 등이 있음.
출처 : 에프앤가이드"
파멥신,항체치료제,의약품 제조업,"기업개요
바이오의약품을 기반으로 물질신약을 연구, 개발하는 바이오 신약 연구개발전문기업이며, 그 가운데 유전자 재조합 의약품 중 항암 항체의약품을 주로 개발함.
국내외 제약사들과 기술이전 및 공동개발에 대한 계약을 체결하고, 그 과정에서 기술선급료 및 기술개발 지표를 달성할 때마다 이에 따른 마일스톤 로열티를 받음
완전인간 항체 개발기술, 이중표적항체 제조 원천기술, 암줄기 세포 라이브러리를 활용한 항체 제조기술 등의 핵심기술을 보유함.
출처 : 에프앤가이드"
팜스빌,다이어트 제품 및 건강기능 관련 제품,기타 식품 제조업,"기업개요
건강식품 및 식품의 개발, 제조 유통 및 수출입업등을 주요 사업으로 하여 건강기능식품업을 영위할 목적으로 2000년 3월 15일 설립함.
“인간의 건강 수명을 연장 하는 기업”이라는 철학을 가지고 바이오헬스케어 선두주자로서, 차별화 된 상품 개발 능력과 기술을 바탕으로 다양한 유통 플랫폼을 통한 사업을 영위 중임.
B2C 전자상거래 플랫폼을 기본으로 건강기능식품과 건강지향식품 자체 브랜드와 유통, 생산(OEM) 및 소재 개발.
출처 : 에프앤가이드"
한국비엔씨,필러 등 생체재료의료물질 개발,기초 의약물질 및 생물학적 제제 제조업,"기업개요
동사는 2007년 8월 설립되었으며, 더말필러(Dermal Filler) 등 미용성형용 의료기기, 창상피복재 등 수술, 시술용 의료기기를 개발 및 생산하고 있음.
더말필러 등 메조테라피제품, 유착방지재, 콜라겐흡수성창상피복재와 콜라겐조직보충재의 4가지 의료기기 제품군이 주된 매출을 발생시키고 있음.
2019년 12월 1일 엔에이치스팩11호와 합병하여 코스닥시장에 상장함.
출처 : 에프앤가이드"
휴마시스,체외진단키트,의료용품 및 기타 의약 관련제품 제조업,"기업개요
동사는 2000년 설립된 체외진단 의료기기 생산기업으로, 2017년 하이제2호기업인수목적주식회사와 합병을 통해 코스닥시장에 상장함.
주력 제품으로 산부인과/심혈관/감염성/암 질환 등에 사용되는 POCT 자동면역분석장비 'HUBI-QUEN'을 보유하고 있으며, 면역 분석시약, POCT 면역정량분석기기, 신규마커 개발도 진행중임.
글로벌 고객사의 다각화로 해외 30여 개국의 해외 제품 등록시스템을 구축하여 신규 고객을 확보하고 있음.
출처 : 에프앤가이드"
휴온스글로벌,의약품제조업,의약품 제조업,"기업개요
동사는 지주회사로 다른 회사 주식을 소유하여 지배하는 것을 주된 목적으로 하며, 주된 수입원은 배당금, 경영자문수수료, 브랜드수수료, 임대수익 등임.
2016년 인적분할 후 휴온스글로벌로 사명변경하여 지주회사 사업과 바이오사업(보툴리눔톡신)을 영위하였고, 2021년 바이오사업 물적분할 이후로 순수 지주회사임.
2016년 인적분할로 '휴온스', 2021년 물적분할로는 '휴온스바이오파마'가 신설되었음.
출처 : 에프앤가이드"
국제약품,"항생제,안약,제약 제조,도매",의약품 제조업,"기업개요
동사는 1959년 설립되어 1975년 유가증권시장에 상장하여 케이제이케어를 포함한 6개의 계열사를 가지고 있음.
의약품 제조 및 판매업을 영위하는 법인으로서, 대표적으로 큐알론점안액, 레티움정, 에제로바정, 콜렌시아연질캡슐, 국제세파제돈주 등 일반의약품 및 전문의약품 등을 취급.
전국 각 지점 영업사원들의 영업활동을 통해 약국, 의원, 병원, 도매상 등의 거래처에 제품을 판매하고 있음.
출처 : 에프앤가이드"
바이오노트,"Rapid 반제품 및 완제품, 동물용신속진단 키트",의료용품 및 기타 의약 관련제품 제조업,"기업개요
동사는 2003년 설립된 동물용 진단 검사 제품 및 바이오 컨텐츠(Bio-Contents) 회사임.
동사 고유의 유전자 재조합 항원, 항체 제조기술을 바탕으로 하여 임상적 중요도가 높은 진단 시약 제품을 연구, 개발, 제조 유통하고 있음.
동사는 지속적으로 출시되는 신제품 등 미국 시장의 경우 자체 시장이 크고 향후 홍보 효과가 큰 만큼 우선적으로 등록을 진행.
출처 : 에프앤가이드"
삼성바이오로직스,바이오의약품,기초 의약물질 및 생물학적 제제 제조업,"기업개요
삼성그룹의 계열사로 2011년 4월 설립되었으며, 국내외 제약회사의 첨단 바이오의약품을 위탁 생산하는 CMO 사업을 영위.
2018년 cGMP 생산을 시작하여 2019년말 기준 36.2만리터 생산설비를 가동 중이며, 이 시장에서 선발업체를 추월해 생산설비 기준 세계 1위 CMO로 도약.
동사의 바이오의약품 연구개발 자회사인 삼성바이오에피스와 아키젠바이오텍은 바이오시밀러 개발 및 상업화를 진행 중.
출처 : 에프앤가이드"
삼일제약,"양약(부루펜,액티피드,포리부틴) 제조,도매",의약품 제조업,"기업개요
동사는 1947년에 설립된 의약품 제조 및 판매하는 제약회사로 어린이부루펜시럽, 티어실원스, 아이투오미니 등으로 잘 알려진 중견 제약회사임.
안과, 간질환, 소화기계에 특화된 전문의약품 중심으로 오리지널 품목의 기술도입·생산 및 특허가 만료된 제네릭 제품을 직접 생산 판매하는 제품 매출이 있음.
오리지널 제품을 직수입 및 국내 독점 판매하는 상품 매출 또한 사업구조 중 하나임.
출처 : 에프앤가이드"
일성신약,"의약품(항생제,화학료법제,항바이러스,근이완제,영양액륜) 제조,판매",의약품 제조업,"기업개요
동사는 전문 치료용 의약품을 생산 판매하는 회사로 글락소스미스클라인(GSK)과의 협력을 통해 항생제 분야를 특화하여 세계적인 수준의 페니실린 항생제를 생산하고 있음.
또한 이를 바탕으로 일본 등 해외 각국에 항생제 수출을 진행하고 있음.
페니실린계 항생제인 오구멘틴 등은 전체 매출의 24.3% 차지하고 있으며 생산된 주요 제품 등은 직납 및 도매상을 통하여 국내외로 판매되고 있음.
출처 : 에프앤가이드"
종근당바이오,"의약품,원료의약품 제조",의약품 제조업,"기업개요
동사는 우수한 발효 기술력을 바탕으로 한 양질의 항생제 및 면역억제제 등의 원료의약품을 생산하여, 국내외 유수의 제약회사에 공급하고 있음.
완제의약품을 국내외에서 구입하여 수출 및 국내공급하고 있으며, 국내 제약회사의 완제의약품 등의 무역대리업무 등을 수행하고 있음.
기존 항생제 분야 뿐만 아니라 제2형 당뇨병치료제 및 면역억제제 분야의 매출도 점진적으로 증가되고 있음.
출처 : 에프앤가이드"
DXVX,BAC DNA CHIP,기타 과학기술 서비스업,"기업개요
동사는 2001년 설립되어, 맞춤형 바이오 의약품, 백신, 항암제와 분자진단/면역진단 등에 대한 연구개발 및 제조, 판매를 영위하고 있음. 2015년 코넥스시장에서 코스닥시장으로 이전 상장함.
유전체 분석 및 진단을 통한 마이크로바이옴 기반의 바이오헬스케어 솔루션을 제공하고 있음.
연구개발, 임상, 생산, 자사브랜드, 영업 및 마케팅, 유통으로 이어지는 일체형 사업구조를 구축함.
출처 : 에프앤가이드"
경남제약,PCB 드릴가공,의약품 제조업,"기업개요
동사는 1998년에 설립되어 2001년 11월 코스닥시장에 상장하였고, 2010년 4월 종속회사인 구, 경남제약 주식회사와 합병하여 경남제약 주식회사로 상호를 변경함.
의약품 및 원료의약품의 제조 및 도, 소매업과 건강기능식품 제조 및 판매업 등을 주요한 사업으로 영위.
2023년도 1분기 기준으로 사업부문별총매출액 비율은 의약사업본부 55.2%, H&B사업본부 36.9%, 해외사업팀 5.7%, 기타 2.2%를 차지하고 있음.
출처 : 에프앤가이드"
고려제약,"하벤(종합감기약),뉴로메드(치매치료제)등",의약품 제조업,"기업개요
동사는 의약품제조사업을 영위하고 있으며 주요제품으로는 종합감기약인 하벤 캅셀, 소화기계 용제인 란시드캅셀, 판도나정 등이 있음.
동사의 주력 제품인 뉴로메드를 비롯한 치매 치료제에서의 지속적인 매출 증대 및 시장 확대를 통해 회사의 핵심역량인 CNS 질환에서의 강한 경쟁력을 입증함.
헬스케어 분야에서의 사업 확대를 위해 건강기능식품 브랜드인 NutreaTailor와 온라인쇼핑몰을 새로 오픈함.
출처 : 에프앤가이드"
국전약품,기업 인수 및 합병,의약품 제조업,"기업개요
동사는 1995년 설립되어 2020년 코스닥시장에 상장함. 원료의약품 제조 및 판매를 주요 사업으로 영위하며, 제약회사와 원료의약품회사를 대상으로 공급하고 있음.
핵심 역량인 화학합성 기술을 통해 원료의약품만 아니라 OLED소재, 반도체 소재, 이차전지용 전해질 첨가제, 일반케미컬 합성 등을 제공하며 케미컬 토탈 솔루션 기업으로 성장해가고 있음.
2023년 하반기 준공을 목표로 충북 음성에 전자소재 생산공장을 건설중임.
출처 : 에프앤가이드"
더블유에스아이,기업인수합병,생활용품 도매업,"기업개요
동사는 2016년 3월 설립되었으며, 의약품 및 의료기기 도소매업을 주요 사업으로 영위.
2019년 2월 고해상도 척추내시경카테타의 연구 및 판매를 목적으로 지에스엠티를 완전자회사로 편입하였으며, 의료기기 개발 및 제조 등 신규 사업을 지에스엠티를 통하여 진행 중.
차기년도부터 산부인과 복강경 수출 및 약물 주입용 어시스트 로봇사업을 본격적으로 추진하기 위해 설립 출자를 통한 자회사 이지메디봇을 신설함.
출처 : 에프앤가이드"
동국제약,"인사돌, 복합마데카솔, 파미레이",의약품 제조업,"기업개요
의약품 제조 및 판매 등을 영위할 목적으로 1968년 설립되어 2007년 5월 코스닥시장에 상장됨. 인사돌, 오라메디, 마데카솔 등 일반의약품과 조영제, 항암제 등의 전문의약품을 주력으로 하고 있음.
주력 제품인 잇몸질환치료제 인사돌은 높은 인지도를 바탕으로 고령화, 식습관 변화 등에 따른 복용 연령층이 확대로 안정적으로 성장하고 있음.
수출부문에서 50개국의 네트워크를 바탕으로 전체 매출에서 10% 이상의 수출비중 유지 중임.
출처 : 에프앤가이드"
레고켐바이오,신약후보물질 발굴을 통한 License-Out,자연과학 및 공학 연구개발업,"기업개요
동사는 2006년 설립되어 의약화학을 기반으로 합성신약을 연구하고 개발하는 사업을 주요 사업으로 영위.
신약개발 후보물질을 적정단계까지 개발한 후 이를 글로벌제약사나 국내외 제약회사에 기술이전하거나, ADC 기술 등의 원천기술 판매를 통해 수익을 창출하는 것이 비즈니스 모델임.
기존 항암제 분야 뿐만 아니라 면역항암제나 항생제 등의 영역으로도 확장 연구를 진행함.
출처 : 에프앤가이드"
박셀바이오,"항암면역세포치료제(자연살해세포, 수지상세포, CAR-T 및 인터루킨 기반 항암제)",자연과학 및 공학 연구개발업,"기업개요
동사는 항암면역치료제를 연구ㆍ개발하는 바이오텍 회사임.
효과적인 항암면역치료를 도모하기 위해 하기와 같이 면역시스템에서 최상의 효과를 발휘할 수 있는 대표적인 구성 요소로 파이프라인을 구성함.
Vax-NK 항암면역치료 플랫폼과 Vax-DC 항암면역치료 플랫폼, CAR-T 치료제와 CAR-NK 치료제인 Vax-CAR 항암면역치료제 플랫폼 등 다양한 면역세포를 활용한 항암면역치료 플랫폼을 보유.
출처 : 에프앤가이드"
비보존 제약,완제의약품제조,의약품 제조업,"기업개요
동사는 반도체 기술을 바탕으로 LED광원을 이용한 광원과 조명용 Module Set를 개발, 생산하여 판매를 하는 사업체임.
동사는 사업영역 확장으로 인하여 신약개발, 의약품의 제조ㆍ판매, 화장품의 제조ㆍ판매, 전자제품ㆍ전자부품의 제조ㆍ도소매업을 영위하고 있음.
매출구성은 완제의약품 약 95.12%, Module&기타 약 3.06%, 화장품, 화장품 원료 약 1.81% 등으로 구성되어 있음.
출처 : 에프앤가이드"
비씨월드제약,"마취통증약, 순환계약, 항생제, 기타처방약",의약품 제조업,"기업개요
1980년 3월 극동제약 주식회사로 설립되어 2007년 1월 사명을 변경하였으며, 의약품의 제조 및 판매를 주요사업으로 영위.
국내 유수의 제약기업에 당사 제품을 납품, 아시아 등 여러나라에 전문의약품을 수출.
직접판매용 신제품 및 CMO 사업을 확장해가고 있으며, 동사가 가진 R&D 제제기술력을 바탕으로 국내 대형제약회사에 기술 이전 및 해외 주요 기업에 기술 수출을 추진.
출처 : 에프앤가이드"
비피도,프로바이오틱스 관련 완제품 및 균주 원말 등,기타 식품 제조업,"기업개요
동사는 1999년 설립 후, 2018년 마이크로바이옴 기업 1호로 코스닥시장에 상장함.
2002년 건강기능식품법이 제정된 이후 건강기능식품으로서 비피도 박테리움균을 비롯한 다양한 프로바이오틱스 균주 원말 및 이를 함유한 건강기능식품을 제조ㆍ판매하고 있음.
건강기능식품은 누구나 사용할 수 있는 고시된 원료와 개별적으로 식품의약품안전처의 심사를 거쳐 인정받은 영업자만이 사용할 수 있는 개별인정원료로 구분됨.
출처 : 에프앤가이드"
샤페론,합성신약 및 항체치료제신약 기술제품 및 기술이전,기초 의약물질 및 생물학적 제제 제조업,"기업개요
동사는 신약 후보물질을 개발하는 연구개발 전문기업으로, 신약 후보물질을 비임상이나 임상단계에서 기술이전하는 사업을 영위하고 있음.
세계 최초로 개발한 GPCR19-P2X7-NLRP3 염증복합체 억제제 플랫폼 및 기존 항체 치료의 미충족 수요를 충족시킬 수 있는 나노바디 항체 개발 플랫폼을 보유함.
국가신약개발재단으로부터 COVID-19 폐렴 치료제에 대한 임상 개발비를 지원 받아 다국적 2b/3상 임상을 수행하고 있음.
출처 : 에프앤가이드"
세운메디칼,"의료용구(체액배출기,도뇨관) 제조,도매,수출입",의료용품 및 기타 의약 관련제품 제조업,"기업개요
동사는 의료용 흡인기, 도뇨용, 위장용, 배액용 및 의약품 주입용 카테터, 튜브 등의 다양한 소모성 의료기기를 제조, 수입하여 판매하는 의료기기 전문 회사임.
주력 제품인 의료용 흡인기는 부분 미국에서 수입된 제품이 주로 사용되고 있었으나 현재는 동사가 제조하는 제품으로 대체되어 국내시장에서 높은 점유율을 차지하고 있음.
사업다각화의 일환으로 혈관접속용기구 등의 다채로운 신제품을 개발하여 수출 확대에도 힘쓰고 있음.
출처 : 에프앤가이드"
신라젠,펙사벡(바이러스 항암면역치료제),자연과학 및 공학 연구개발업,"기업개요
동사는 2006년 설립되어, 2016년에 코스닥에 상장한 항암 바이러스 기반 면역항암치료제 연구 개발 기업임.
동사의 핵심 플랫폼 기술은 펙사벡으로, 유전자를 재조합하여 만든 백시니아 바이러스로 암세포를 선택적으로 사멸시키고, 면역세포가 암세포를 공격할 수 있도록 설계됨.
동사는 펙사벡 생산 CMO인 ABL Europe과 JX-970의 임상시험용 약물 제조를 위한 협약을 체결하였고, 독성 시험, 효능 시험 등 전임상시험을 진행함.
출처 : 에프앤가이드"
신테카바이오,유전체 빅데이터 기반의 AI신약개발 및 정밀의료서비스,소프트웨어 개발 및 공급업,"기업개요
2009년 9월에 설립된 바이오 벤처회사로 자체적으로 보유한 바이오 빅데이터 처리 기술과 인공지능(Artificial Intelligence, AI) 및 슈퍼컴퓨팅 기술을 통해 AI 신약개발 회사로서의 사업을 영위.
동사의 주요 서비스는 고객을 대상으로 직접 서비스할 수 있는 플랫폼 기술인 AI 신약 플랫폼 서비스와 유전체 빅데이터 플랫폼 보유함.
플랫폼 유지보수 및 업데이트를 담당하는 개발팀을 운영.
출처 : 에프앤가이드"
알피바이오,연질캡슐 제형의 의약품 및 건강기능식품,의약품 제조업,"기업개요
동사는 의약품, 건강기능식품을 연질캡슐 외 다양한 제형으로 생산, 제조하여 OEM 또는 ODM방식으로 판매하는 사업을 영위하고 있음.
연질캡슐 생산업체 중 국내 최초로 KGMP 적격시설로 인정받았으며, 일반의약품 연질캡슐 시장의 70% 이상을 점유하고 있음.
건강기능식품의 경우 다양한 종류의 오메가3 제품을 주로생산하고 있으며, 연질 캡슐,경질캡슐, 젤리스틱, 분말스틱 등 다양한 제품을 공급하고 있음.
출처 : 에프앤가이드"
애니젠,펩타이드 바이오소재 및 아미노산 펩타이드 신약,기초 의약물질 및 생물학적 제제 제조업,"기업개요
광주광역시에 본사를 두고 있는 동사는 2000년 설립되어 펩타이드 기반 신약을 개발하는 기업이며, 2016년 기술특례로 코스닥시장에 상장함.
보유한 독자적 펩타이드 합성기술을 기반으로 의학용, 연구용, 화장품용 펩타이드를 생산하고 있으며, 국제 제약기업, 벤처기업 등에 공급하는 CMO 사업을 영위함.
펩타이드 원료의약품 합성에서 펩타이드 기반 항암, 항당뇨 및 진통 등의 글로벌 혁신 신약 개발로 사업 영역을 확장하고 있음.
출처 : 에프앤가이드"
얼라인드,"자동세포카운팅시스템, 생체조직투명화시스템, 디지털세포이미징시스템",사진장비 및 광학기기 제조업,"기업개요
동사는 생명과학 연구 및 진단분야의 첨단 장비와 시약을 개발, 생산하여 전 세계에 판매하는 기술벤처 기업임.
주요 제품은 자동 세포 카운팅 시스템, 생체조직 투명화 및 이미징 시스템, 디지털 세포 이미징 시스템 등이 있음.
동사가 영위하고 있는 생명과학 연구 및 진단분야의 첨단 제품은 바이오, 광학, 전기, 전자, 소프트웨어 등의 기술이 총망라된 융복합기술을 기반으로 하고 있음.
출처 : 에프앤가이드"
에이비엘바이오,항체의약품 연구개발,기초 의약물질 및 생물학적 제제 제조업,"기업개요
동사는 2016년 2월 16일에 설립되었으며, 2018년 12월 19일에 코스닥시장에 상장되었음.
현재 기반 기술인 이중항체 플랫폼 'Grabody™'를 바탕으로 연구개발하는 다양한 파이프라인의 기술이전을 통해 중장기 성장이 가능한 사업모델을 추구하고 있음.
나아가 이중항체 기반 기술, 면역관문 조절 및 항암 관련 기술, 퇴행성뇌질환 치료제 개발 기술을 기반으로 기술이전 실적을 확보 중임.
출처 : 에프앤가이드"
엔케이맥스,"연구용 시약, NK Vue KIT, SuperNK",기초 의약물질 및 생물학적 제제 제조업,"기업개요
2002년 1월 14일 실험용시약 제조 및 연구개발을 목적으로 설립, 2015년 10월 23일 코스닥에 상장함.
2019년 엔케이맥스를 흡수합병하고 면역세포치료제 개발사업을 확보하여 면역진단부터 면역치료까지 NK세포 중심의 통합 솔루션을 제공하려는 목적을 가지고 있음.
세계 최초로 전혈에서의 NK세포활성도를 측정할 수 있는 면역력 측정 키트를 개발하였으며 2,000개의 이상의 의료기관에서 건강 검진과 환자 진단에 사용되고 있음.
출처 : 에프앤가이드"
우진비앤지,"슈퍼티아, 안티펜SM",의약품 제조업,"기업개요
동사는 동물용 의약품 제조 및 판매 등을 영위할 목적으로 1985년 12월 17일에 과학축산을 설립하였으며 2008년 5월 20일에 코스닥시장에 상장함.
동물약품 및 미생물제제(동물약품, 인체 원료의약, 미생물 농자재) 등을 제조, 판매하는 사업을 영위하고 있음.
동사는 1980년대부터 친환경제품을 생산하기 위한 기술개발을 꾸준히 진행하여 왔으며 친환경 대체의약품과 면역 증강제 및 미생물첨가제 등 바이오제품을 연구개발 중임.
출처 : 에프앤가이드"
원텍,기업 인수 및 합병,의료용 기기 제조업,"기업개요
레이저 의료기기는 전통적인 주력 제품군이며 주요 제품으로는 고출력 피코초 엔디야그 레이저 수술기로 Picocare가 있음.
고주파 의료기기 주요 제품으로는 Monopolar RF 방식의 Oligio(올리지오), 고강도 집속형 초음파 의료기기는 Tightan이 있음.
RF(고주파) 대표 제품인 Oligio(올리지오)는 세계 두 번째, 국내 최초로 개발한 제품임.
출처 : 에프앤가이드"
인바디,정밀 체성분 분석기,의료용 기기 제조업,"기업개요
동사는 1996년 전자의료기기 및 생체신호 측정장치의 제조 및 판매를 목적으로 설립되어 체성분분석기를 주요제품으로 개발·생산·판매하고 있음.
인바디검사 결과를 인용한 학회 논문 누적 편수는 2,000여 편에 달하며 기술력을 인정받고 있음.
2016년 12월에는 네덜란드법인 설립절차를 진행하였으며, 2017년 1월에 지분투자를 완료하여 본격적으로 유럽 시장을 공략 중임.
출처 : 에프앤가이드"
제넥신,항체융합단백질 치료제 및 유전자치료 백신개발,자연과학 및 공학 연구개발업,"기업개요
동사는 1999년 설립된 신약 연구개발 기업으로, 항체융합단백질 제조 및 유전자 치료백신 제조 원천기술을 국내 제약사에 이전하는 사업을 영위하고 있음.
2009년 9월 코스닥시장에 상장되어 주식거래가 개시되었으며, 연결대상 종속법인으로 CDMO 서비스 기업인 에스엘포젠을 보유하고 있음.
동사는 Hybrid Fc 플랫폼 기술을 보유하고 이를 기반으로 항암면역 치료제, 차세대 단백질 신약, 신규 DNA백신 신약 연구개발중임.
출처 : 에프앤가이드"
케어랩스,"헬스케어 미디어플랫폼, 헬스케어 디지털마케팅, 헬스케어 솔루션",광고업,"기업개요
동사는 국내 1위의 헬스케어 플랫폼 기업으로 2018년 3월 코스닥시장에 상장함. 옐로모바일의 자회사인 옐로오투오 산하의 헬스케어 주요 사업부들이 통합되어 설립됨.
주요 서비스는 굿닥, 바비톡 등 모바일 헬스케어 및 뷰티케어 플랫폼임.
플랫폼을 중심으로 온라인 및 모바일 광고 서비스인 디지털마케팅 및 의료기관용 CRM소프트웨어 사업을 영위하는 헬스케어솔루션 사업부문이 유기적으로 협업 중.
출처 : 에프앤가이드"
케어젠,"성장인자, 바이오미메틱펩타이드 기반 안면, 두피, 바디 코스메슈티컬 제품",기초 의약물질 및 생물학적 제제 제조업,"기업개요
동사는 2001년 설립된 기업으로, 2015년 코스닥 시장에 상장함. 펩타이드에 대한 연구와 기술을 바탕으로 화장품과 의료기기 제품을 생산, 판매하고 있음.
펩타이드는 건강기능식품, 의약품으로의 개발도 가능하며 식품은 제품화 단계, 의약품은 시제품 단계까지 연구가 진행됨.
최근 세계적 화학적 기업 BASF와 4종의 특허 펩타이드 원료에 대한 독점공급계약을 체결, 21년 2분기부터 공급을 개시하는 등 글로벌 시장에서 효능 입증받음.
출처 : 에프앤가이드"
코렌텍,"인공고관절, 인공슬관절 등",의료용 기기 제조업,"기업개요
국내 최초 인공관절 전문 제조기업으로 2000년 설립한 이래 인공관절의 개발, 제조 및 판매를 주 사업으로 영위하고 있음.
주요 제품은 인공고관절 및 인공슬관절이며, 척추고정기기, 견관절, 족관절의 연구 개발 및 솔루션을 지속적으로 제공.
인공관절 분야는 인공 장기류 중에서 우리나라에서 산업화하여 육성 가능하고, 차세대 주력 바이오 산업으로 성장 가능한 분야임.
출처 : 에프앤가이드"
코스맥스엔비티,건강기능식품,기타 식품 제조업,"기업개요
2002년 1월 설립되었으며 기능성 원료 및 성분을 연구하는 연구개발 사업, 건강기능식품 및 건강지향식품을 생산하는 제조업, 건강기능식품을 판매하는 유통사업을 주요사업으로 하는 건강기능식품 전문 기업.
과자 타입의 Extruder, 어린이 및 노년층 섭취가 용이한 츄어블 연질캅셀, 쿠키앤크림 맛의 맛있는 다이어트식 분말 제품 등의 제형을 개발.
2017년 구미제형을 생산할 수 있는 제조라인을 구축하고 국내외 거래처에 제품을 공급.
출처 : 에프앤가이드"
코오롱생명과학,"항균제, 수처리제, 원료의약 등",기초 의약물질 및 생물학적 제제 제조업,"기업개요
동사는 원료의약, 의약중간체, 항균제, 화학소재, 수처리제 등의 생산/판매 및 바이오신약 연구개발 등을 영위할 목적으로 2000년 4월 21일에 설립.
Chemical사업과 Bio사업 영위하며 바이오사업은 신경병증성 통증 치료제 및 항암제 등에 대한 연구개발에 역량을 집중하고 있음.
동사는 골관절염치료제, 신경병증성 통증 치료제, 항암제및 백신 플랫폼 파이프라인을 보유 및 지속적으로 연구개발에 매진하고 있음.
출처 : 에프앤가이드"
파마리서치,재생의약품,의료용품 및 기타 의약 관련제품 제조업,"기업개요
2001년 3월 설립되어 의약품, 의료기기, 화장품 등 재생제품을 생산, 판매하는 재생바이오 전문 제약회사.
인체 고유의 재생 매커니즘을 활성화 및 촉진시키는 물질인 PDRN, PN의 제조기술을 확보하였으며, 국내 공장 설립으로 원재료 조달부터 완제품 제조까지 국산화에 성공.
PDRN 및 PN 제조 원천기술을 바탕으로 관절강주사인 콘쥬란 개발, 기능성 화장품 출시, 건강기능식품 등 해당 물질의 적용 범위를 확장.
출처 : 에프앤가이드"
하이로닉,피부미용 의료기기,의료용 기기 제조업,"기업개요
동사는 2007년 설립되어 의료기기의 제조와 판매 및 수출을 주요 사업으로 수행하고 있음.
동사의 주요 제품군은 고강도집속초음파(HIFU)의 원리를 적용한 제품들로써, DOUBLO 시리즈와 ULTRA VERA 및 V-RO와 같은 제품들이 이러한 집속초음파 이용 제품군에 속함.
동사는 종속회사인 하이로닉코리아를 통해 병의원에, 아띠베뷰티를 통해 일반 소비자에게 제품을 판매하고 있음.
출처 : 에프앤가이드"
한국유니온제약,"항생제, 순환기계, 근골격계, 소화기계류 완제의약품",의약품 제조업,"기업개요
동사는 전문의약품을 제조하며 고형제, 액상주사제, 세파분말주사제의 GMP 제형을 갖추었으며 항생제, 근골격계, 소화기계류 품목 등이 주력 제품임.
완제의약품을 수출하고 있으며, 타사와 달리 다양한 규격의 앰플주사제와 세파분말주사제 설비시설을 별도로 갖추고 있어 주사제 품목에서 경쟁우위 보유함.
세분화된 GMP 시설을 통해 고부가가치를 창출하기 위한 수단으로 개량신약, 신규 제형 개발 및 새로운 조성복합제 개발 등에 집중 투자함.
출처 : 에프앤가이드"
대웅제약,"양약,의료기기 제조/화장품,의약부의품 도소매/부동산 임대",의약품 제조업,"기업개요
동사는 2002년 10월 주식회사 대웅이 사업부문을 인적 분할하여 설립되었으며, 종속회사는 의약품 제조 및 판매업을 영위하는 주요종속회사인 한올바이오파마를 포함한 총 13개 회사로 구성.
의약품 제조 및 판매를 영위하고 있으며, 주요제품은 우루사, 알비스, 올메텍, 임팩타민, 넥시움 등 다양한 용도의 의약품으로 구성됨.
영업사원에 대한 디테일 능력향상, 제품차별화 포인트, 선진 마케팅기법 교육 등을 통해 판매를 강화하고 있음.
출처 : 에프앤가이드"
동화약품,"의약품 제조,판매,수출입",의약품 제조업,"기업개요
동사는 의약품,원료의약품,의약외품,의료용구의 제조 및 매매 및 건강기능식품, 건강식품 제조 및 매매를 영위하고 있음.
까스활명수큐를 중심으로 광범위한 고정 수요자를 확보하여 액체 소화제의 선두를 유지하고 있으며 후시딘연고, 판콜, 잇치 등 일반대중에게 인지도가 높은 주력제품이 양호한 시장지위를 유지 중임.
2020년 9월 24일 의료기기 사업을 영위하는 메디쎄이를 종속회사로 편입하여 신규 영업부문으로 관리하고 있음.
출처 : 에프앤가이드"
셀트리온,"램시마, 트룩시마, 허쥬마",기초 의약물질 및 생물학적 제제 제조업,"기업개요
동사는 생명공학기술 및 동물세포대량배양기술을 기반으로 항암제 등 각종 단백질 치료제(therapeutic proteins)를 개발, 생산하는 것을 목적사업으로 하고 있음.
아시아 최대인 140,000L 규모의 동물세포배양 단백질의약품 생산설비를 보유하고 있으며 향후 개발 일정과 수요 등을 고려하여 3공장 신설 예정.
세계 최초 개발한 자가면역질환 치료용 바이오시밀러 ‘램시마’는 2016년 미국 FDA로 부터 판매 승인 받음.
출처 : 에프앤가이드"
이연제약,"항생제,순환기제",의약품 제조업,"기업개요
동사는 1964년 설립 이후 전문의약품과 원료의약품의 제조 및 판매를 주요 영업으로 하고 있음.
동사는 오리지널 진단제의약품, 제네릭 전문의약품, 특화된 원료의약품을 통해 지속적인 성장을 하고 있으며, 각 부문의 차별화된 Marketing을 통해 우수한 수익성을 기록하고 있음.
동사는 제품력에 대한 인지도 제고, 영업인력의 생산성 증가, 진입장벽이 높은 고부가가치 원료의약품 생산을 통해 우수한 수익성이 지속될 것으로 판단됨.
출처 : 에프앤가이드"
HK이노엔,"전문의약품, 숙취해소음료",의약품 제조업,"기업개요
동사는 전문의약품과 숙취해소제, 건강기능식품 및 더마코스메틱의 제조 및 판매를 주 영업으로 함.
전문의약품부문의 주요제품은 국내 30호 신약 케이캡을 필두로 로바젯, 아킨지오 등이 있으며, HB&B사업부문의 주요제품은 컨디션, 헛개수, 비원츠 등이 있음.
연구개발 분야에서는 암, 간질환, 자가면역질환 분야의 혁신적인 의약품 파이프라인을 지속 확보하며 포스트 '케이캡' 발굴에 집중.
출처 : 에프앤가이드"
JW신약,"매니큐어세트, 손톱깎이",의약품 제조업,"기업개요
동사는 의약품을 제조, 판매를 주요 사업영역으로 함. 주요 의약품으로는 항진균제, 비뇨기과용제 등이 있음.
동사의 계열회사는 총 17개사이며, 주요계열회사로는 지주회사인 JW홀딩스(유가증권시장 상장법인), 그 자회사인 JW중외제약(유가증권시장 상장법인) 등이 있음.
종속회사인 JW크레아젠은 의약품 제조 및 판매함. JW크레아젠은 현재 수지상세포를 이용한 면역세포치료제를 연구개발하고 있음.
출처 : 에프앤가이드"
경동제약,"듀오로반정, 발디핀정, 아트로반정 등",의약품 제조업,"기업개요
동사의 사업부문은 제약부문과 임대부문, 기타부문으로 구성되어 있음.
국내 매출은 병의원 및 제약회사로의 직접 판매 또는 의약품 도매상을 통한 판매가 이루어지고 있으며 국외 매출은 의약품종합상사를 통해 판매가 이루어지고 있음.
제약부문은 제품과 상품, 기타(원료 등)로 구성되어 있으며 아트로반정을 주요제품으로 하는 제품매출이 약 47%, 듀오로반정을 주요상품으로 하는 상품매출이 약 46% 차지함.
출처 : 에프앤가이드"
대성미생물,"동물용 의약품, 미생물제재",의약품 제조업,"기업개요
동사는 1968년 5월에 설립하여 동물용의약품 생산 등을 주요 사업으로 영위하고 있으며, 2000년 3월 코스닥시장에 상장함.
동사는 지난 50여년간 양질의 동물용의약품만을 생산해오며 대한민국 축산업 발전에 공헌해 온 동물용의약품 전문기업임.
국내에서는 200여개 대리점을 통한 직접판매와 조달청을 통해 공급계약을 수주하여 전국 관공서에 예방백신을 납품하고 있으며, 수출은 파키스탄, 베트남, 러시아 등 총 6개국에 판매 하고 있음.
출처 : 에프앤가이드"
디알젬,"진단용 엑스선 촬영장치 및 부분품, X-ray 제너레이터 외",의료용 기기 제조업,"기업개요
동사는 엑스선 촬영장치 완제품에 들어가는 핵심 부품인 S/W, 제너레이터, 튜브, 기구부, 소프트웨어 등의 개발, 제조업체임.
기존 진단용 아날로그 엑스선 촬영장치와 더불어 진단용 디지털 엑스선 촬영장치, 아날로그 방식을 디지털 방식으로 업그레이드 해 주는 영상시스템 세가지 방식의 완제품을 제조하여 판매 중임.
주요 핵심 부품을 직접 설계 및 제조(OBL, OEM 포함)해 가격, 품질 등에서 경쟁우위를 점함.
출처 : 에프앤가이드"
디알텍,"X-ray Detector, X-ray System",의료용 기기 제조업,"기업개요
2000년 3월 29일에 설립하였으며, 직접방식과 간접방식 디텍터를 모두 개발 및 제조하여 판매할 수 있는 업계 선도기업임.
디텍터 사업과 병행하여 시스템 사업을 본격화하고 있으며, 해외 매출비중은 약 80%로 글로벌 마켓 중심 경영을 하고 있음.
세계 최초로 디지털 맘모 업그레이드 솔루션 '로즈엠'을 출시하여 시장영향력을 확대 중이고, 직접방식 디텍터 위주로 사업을 진행하며 미국 동물용시장에서 1위를 유지하고 있음.
출처 : 에프앤가이드"
디엔에이링크,"유전체분석(EGIS), 개인유전체분석(DNAGPS)",자연과학 및 공학 연구개발업,"기업개요
동사는 2000년에 설립되어 바이오산업 분야에서 유전체 분석을 통한 유전자 정보의 제공과 유전자 정보를 이용한 질병유전자의 발굴 및 상업화를 사업으로 영위하고 있음.
주요 서비스 분야로는 유전체 분석, 개인 유전체 분석, 아바타마우스, 바이오뱅크, 개인식별 등이 있음.
연결대상 종속법인으로 생명공학 관련 기자재등을 판매하는 앨엔씨바이오 등 국내외 법인 2개사를 보유함.
출처 : 에프앤가이드"
랩지노믹스,체외진단 서비스 및 제품,자연과학 및 공학 연구개발업,"기업개요
동사는 2002년 설립되어 체외진단서비스와 진단제품 개발업을 영위하는 기업임. 코넥스 시장에서 2014년 코스닥 시장으로 이전상장함.
동사는 자체 개발한 BI 플랫폼 기반 암 진단검사 서비스 'CancerSCAN'과 국내 최초 NGS 기반 NIPT 산전 기형아 검사 서비스 'MomGuard' 등을 제공 중임.
연결대상 회사로 벤처창투기업 진앤투자파트너스를 보유함.
출처 : 에프앤가이드"
레이언스,"TFT Detector, CMOS Detector, I/O Sensor",의료용 기기 제조업,"기업개요
X-선 영상획득 장치인 디텍터를 주력으로 하며, 고객 만족을 극대화하기 위해 영상처리 소프트웨어를 동시에 개발, 생산, 판매하는 X-ray Imaging Solution 전문 기업임.
동사 및 종속회사가 영위하고 있는 사업은 의료용, 덴탈용, 동물용 및 산업용 이미징 솔루션의 제조 · 판매 사업임.
동사는 디지털 X-ray 시스템에서의 핵심 부품인 Detector를 개발하고 직접 제조하고 있음.
출처 : 에프앤가이드"
메드팩토,항암제 신약개발,자연과학 및 공학 연구개발업,"기업개요
동사는 2013년 6월 설립되었으며 전문의약품, 항암제, 면역항암제 등을 개발하고 있음.
난치성 암을 치료하기 위한 항암제를 주력으로 개발하고 있으며, 저분자화합물과 항체치료제 등 다양한 기술이 적용된 형태로 개발 중.
First-in-class 신약후보물질을 개발하고 임상 진행 중. 또한 동사가 개발 중인 파이프라인 중 백토서팁은 임상2상에 진행 중에 있으며 2021년부터 본격적인 기술이전 협의가 진행될 것으로 예상됨.
출처 : 에프앤가이드"
메디톡스,"의약품원료(A형,B형 보툴리늄독소 단백질치료제) 제조,연구,개발",기초 의약물질 및 생물학적 제제 제조업,"기업개요
동사는 중요한 사업으로 클로스트리디움 보툴리눔 A형독소 및 보툴리눔 독소를 이용한 바이오 의약품의 연구·개발 및 제조·판매를 영위하고 있음.
동사는 바이오 벤처회사로는 최초로 생물학적제제 제조시설을 자체적으로 설립 운영하고 있음.
국내 및 해외 지역에서 대리점 및 합작회사를 통한 매출을 진행하고 있으며 국내의 경우 미용 및 치료시장에 메디톡신주?를 판매하고 있음.
출처 : 에프앤가이드"
바이오톡스텍,"안전성평가, 유효성평가",자연과학 및 공학 연구개발업,"기업개요
동사는 2000년에 설립되어 의약품, 농약, 식품, 화학물질 등의 안전성,유효성 평가, 신물질 약효검색, 동물실험 신기술 및 대체기술개발을 주된 사업으로 영위하고 있으며, 2007년 코스닥시장에 상장함.
지배회사는 신물질 개발단계에서의 핵심과정인 비임상 연구사업을 영위하고, 연결대상 회사를 통해 생체시료 분석을 통한 의약품 연구개발, 영장류 비임상 실험 등을 영위함.
또한 세종벤처파트너스를 통해 바이오 전문 창투업을 영위함.
출처 : 에프앤가이드"
비스토스,환자 및 태아감시장치,의료용 기기 제조업,"기업개요
동사는 태아 및 신생아 관련 의료기기 전문기업으로 국내외에서 유축기, 체온계등 가정용 의료기기 및 환자감시장치등 범용 의료기기 분야로 사업영역을 꾸준히 확대하고 있음.
ADHD 및 치매치료등 뇌관련 분야와 Baby Monitor등 웨어러블 헬스케어 분야의 개척하고 있음.
환자감시장치의 각 기능별(심전도, 산소포화도, 비침습혈압 등) 자체 기술력을 확보하고 우수한 기술력의 기존업체와 전략적 제휴관계를통해 환자감시장치 시장에 진입함.
출처 : 에프앤가이드"
셀트리온헬스케어,바이오의약품 마케팅 및 판매,기타 전문 도매업,"기업개요
1999년 12월 설립된 동사는 주요 계열사인 셀트리온과 공동 개발 중인 바이오의약품(바이오시밀러, 바이오베터, 바이오 신약)들의 글로벌 마케팅 및 판매를 독점적으로 담당하고 있음.
동사가 주력하고 있는 바이오시밀러 제품은 인플릭시맙(램시마), 리툭시맙(트룩시마), 트라스투주맙(허주마) 등임.
글로벌 제약사인 화이자, Teva 등을 포함하여 110여개 국가에서 30개 파트너와 판매 및 유통 파트너십을 구축하고 있음.
출처 : 에프앤가이드"
씨엔알리서치,금융 지원 서비스,"그외 기타 전문, 과학 및 기술 서비스업","기업개요
동사는 임상시험수탁기관으로 제약회사나 바이오벤처 등의 의뢰를 받아 임상시험 진행의 설계와 컨설팅, 모니터링, 데이터 관리, 허가 등의 모든 용역 업무를 위탁 수행하는 전문 기관임.
글로벌 임상 CRO 시장은 연평균 성장률 8.7%로 성장하여 2024년에는 473억 달러 규모로 확대될 것으로 전망하고 있음.
동사는 임상시험 국내 선두업체로 내자 CRO업체 중 2022년 기준 매출 1위를 유지하고 있음.
출처 : 에프앤가이드"
아시아종묘,종자,작물 재배업,"기업개요
동사는 2004년 설립되었으며 국내외 작물 재배자들을 대상으로 종자를 개발, 생산, 판매하는 사업을 영위하고 있으며 2018년 2월 코넥스시장에서 코스닥시장으로 이전상장하였음.
동사는 다양한 유전자원을 수집해 고품질의 품종 육성을 지향하고 있음. 항산화 물질을 함유한 배추 등 기능성 품종 개발에 몰두중임.
동사는 국내 3곳(이천,해남 및 김제), 해외 2곳(인도법인, 베트남법인)에 연구소를 보유하고 있음.
출처 : 에프앤가이드"
아이큐어,"플라스타, 의약 및 의약외품 패취등, 마스크팩, 화장품 기초라인",의약품 제조업,"기업개요
동사는 2000년 5월에 설립되어, 경피약물전달시스템에 관한 원천기술을 바탕으로 패취형 의약품 개발 및 제조와 화장품 OEM, ODM 사업을 영위함.
경피약물전달시스템 기술을 기반으로 한 도네페질 패취 개량신약 국내 임상 3상에 성공하여 2021년 11월 품목허가 승인을 획득, 2022년 8월 상업화하였음.
경피약물전달시스템 기술력과 ISO9001, ISO14001 인증을 획득한 화장품 공장을 통해 OEM, ODM 사업을 영위함.
출처 : 에프앤가이드"
에스바이오메딕스,줄기세포 치료제 연구 및 개발,의약품 제조업,"기업개요
동사는 2003년 8월 11일 설입되었으며, 줄기세포치료제의 개발, 제조 및 공급 등의 사업을 영위하고 있음.
체세포, 면역세포, 성체줄기세포 및 배아줄기세포 등 다양한 종류의 세포를 이용하여 치료제를 개발함.
2010년 5월 식품의약품안전처에서 '큐어스킨주 (자가유래피부섬유아세포)’의 제조품목허가를 획득하였으며, CFC-FECS-DF (화장품원료)를 제조 및 판매하고 있음.
출처 : 에프앤가이드"
에스씨엠생명과학,세포치료제,의약품 제조업,"기업개요
동사는 성체줄기세포치료제 개발 주요 사업으로 하며, 신규 후보물질 발굴, 조직공학을 통한 신기술 접목 그리고 면역항암제 개발까지 새로운 사업영역으로 확대함.
희귀·난치성 질환에 대한 줄기세포치료제 5품목을 주요 파이프라인으로 구축하고 있음.
동사는 급성 췌장염, 중등증-중증 아토피피부염, 급성 호흡곤란 증후군, 간경변 등의 질환들에 대한 줄기세포치료제를 개발함.
출처 : 에프앤가이드"
엘앤씨바이오,"인체조직(피부, 뼈, 연골)",의약품 제조업,"기업개요
인체조직이식재, 인체조직기반 의료기기 등의 조직공학 치료재료와 피부에 대한 전문적인 지식을 바탕으로 코스메슈티컬 등을 제조·판매하는 바이오 기업임.
또한, 기존 외과 네트워크를 활용한 제약사업 및 자회사 GMRC를 통한 기능성 화장품 및 건강기능식품 CRO사업을 영위함.
인체조직기반의 차세대 의료기기를 통해 글로벌 시장에 진출하며 인체조직이식재 산업을 선도하고 있음.
출처 : 에프앤가이드"
오스테오닉,골접합 및 재건용 금속소재 및 생체복합재료 기반 임플란트,의료용 기기 제조업,"기업개요
동사는 골절합용 판 및 나사 등 제조업체로, 인체에 근간을 이루는 206개의 뼈 대부분의 접합, 대체 및 조정을 목적으로 사용됨.
동사의 주요 제품으로는 두개ㆍ구강악안면,CMF) 제품군과 외상ㆍ상하지 제품군, 관절보존 제품군이 있음.
동사의 초정밀 가공기술은 정밀 구조를 갖는 이식형 의료기기의 생산이 가능하도록 최적화 되어 있으며, 이를 통해 수술과정에서의 시술자 요구사항 및 임상적 요구에 부합하는 제품의 성능을 구현할 수 있음.
출처 : 에프앤가이드"
이수앱지스,"항체치료제,효소치료제",의료용품 및 기타 의약 관련제품 제조업,"기업개요
2001년 설립된 동사는 바이오의약품의 연구개발을 주요사업으로 영위하고 있는 이수그룹 계열회사임.
혈전형성을 억제하는 항체치료제인 클로티냅, 유전성 희귀질환인 고셔병과 파브리병을 치료하기 위한 효소치료제인 애브서틴과 파바갈을 개발하여 판매 중임. 현재 후속 제품 4개가 진행 중에 있음.
바이오의약품 개발 사업 외에 세계의 희귀의약품을 국내도입과 판매 사업을 진행하고 있으며 2018년부터 윌슨병 치료제 트리엔탑을 판매 중임.
출처 : 에프앤가이드"
이오플로우,웨어러블 인슐린펌프,의료용 기기 제조업,"기업개요
동사는 2011년 9월 27일 설립되었으며, 전기화학기술과 정밀전자기계기술을 바탕으로 의료용 웨어러블 약물 주입기 및 관련 시스템, 소프트웨어 제품을 개발, 제조함.
현재 주력 제품은 대표적인 만성 소모성 질환 중 하나인 당뇨 시장 내에서 인슐린 주입이 필요한 환자를 대상으로 하는 스마트 웨어러블 시스템으로 제품 포트폴리오가 구성되어 있음.
웨어러블 펌프 제품을 타약물에 적용하는 신사업을 개척하고 있음.
출처 : 에프앤가이드"
제노레이,의료용 방사선 진단기기,의료용 기기 제조업,"기업개요
2001년 4월 설립된 동사는 병원, 치과 등에서 환자진단에 사용되는 X-ray 영상진단장비를 연구, 개발, 제조하여 판매
2002년 C-ARM(동영상) X-ray 장비를 출시하며 메디칼 사업 부문에 진출 하였으며, 2003년에 Portable Dental(치과) X-ray 제품을 출시하며 덴탈 영역으로 사업을 확장.
국내에서 유일하게 메디컬과 덴탈 부문 사업을 동시에 영위하고 있어 사업 부문간 시너지 창출을 이루고 있음.
출처 : 에프앤가이드"
제이시스메디칼,미용의료기기,의료용 기기 제조업,"기업개요
미용 의료기기를 제조 및 판매하며 주요 제품으로는 ULTRAcelQ+ (HIFU), POTENZA (RF) 등이 있음.
국내에서는 자사쇼핑몰(온라인), 국내병원 직판, 국내 대리점을 통해 판매하며 해외에서는 해외 법인 직판 및 대리점으로 판매 경로를 구축함.
동사의 의료기기 제품 당 라이프사이클(Life Cycle)을 약 3-4년으로 추정하고 있으며 소모품이 지속적으로 발생하는 특징을 지님.
출처 : 에프앤가이드"
제테마,"히알루론산 필러(조직수복용생체재료), 피부과용 레이저 의료기기, 리프팅실 등",의료용품 및 기타 의약 관련제품 제조업,"기업개요
안면미용 목적으로 사용되는 히알루론산 필러와 보툴리눔 독소를 활용한 바이오 의약품, 조직 봉합 및 안면 고정 리프팅실 등을 연구개발 및 제조함.
보툴리눔 독소를 활용한 바이오 의약품의 경우 국내 외 제품상용화를 위한 임상시험이 진행 중으로써 향후 치료용 시장 진출을 목표로 사업을 확장시켜나가고 있음.
2020년 브라질, 2022년 중국 파트너사와 6천억원대 라이선스 아웃 계약을 체결하는 등 기술력을 인정받음.
출처 : 에프앤가이드"
지씨셀,"세포치료제, 검체검사서비스, 제대혈은행","그외 기타 전문, 과학 및 기술 서비스업","기업개요
동사는 2011년 설립되어 세포치료제 및 면역항암제의 제조, 전문 바이오물류 시스템을 통한 유통 및 검체검사 서비스를 통해 병/의원 고객을 대상으로한 Total Solution을 제공하고 있음.
또한 자회사를 통해 전문기관의 임상시험 서비스를 제공하고 있음.
현재 동사의 주요사업은 세포치료제 사업, 검체검사서비스 사업, 제대혈은행 사업, 바이오물류 사업, CDMO 사업 으로 구성되어 있음.
출처 : 에프앤가이드"
차바이오텍,"세포치료제 개발, 제대혈 보관 등",기초 의약물질 및 생물학적 제제 제조업,"기업개요
동사는 제대혈 보관, 줄기세포 연구 및 세포치료제 개발과 Anti-aging 관련 서비스 용역 그리고 해당 사업에서 축적한 Knowhow 등을 활용한 컨설팅 제공 등 관련 부대사업의 제공을 영위.
또한 주요 종속회사를 통해 의약품 사업, 글로벌 CDMO 사업, 해외 의료 네트워크 확장 및 관련 서비스 사업 등 의료 헬스케어 사업을 영위함.
국내와 해외에 다수의 종속회사를 보유한 글로벌 바이오 회사임.
출처 : 에프앤가이드"
케이바이오,"실험용 시약, 과학기자재 등",생활용품 도매업,"기업개요
동사는 생활용품 도매업으로 업종 분류되어 바이오 유통사업을 영위중임.
바이오 유통사업부문은 2021년 11월 1일부터 (주)큐어바이오 유통사업부문을 영업양수하여 사업을 영위하고 있음.
바이오 유통사업부문은 바이오테크놀로지 연구 및 실험에 사용되는 각종 시약, 기기 및 기자재 등의 상품을 매입해 대학교, 병원, 기타 거래처 등에 납품하는 사업으로 시장확대하고 있음.
출처 : 에프앤가이드"
퓨쳐켐,"PET 방사성의약품, 자동합성장치, 합성시약 및 전구체",의약품 제조업,"기업개요
2001년 8월 설립되어 방사성의약품 신약개발 및 생산·판매, 전구체 및 합성시약 생산·판매 등을 주요사업으로 영위.
주요 제품으로는 알츠하이머 진단용 방사성의약품 알자뷰, 파킨슨 진단용 방사성의약품 피디뷰 등이 있음.
서울아산병원과 공동으로 세계최초 파킨슨병 진단용 FP-CIT와 폐암 진단용 FLT를 상용화, 다약제-다기능의 자동합성장치를 자체 개발함으로써 실질적인 PET 방사성의약품 개발 생산 판매까지 영역 확대.
출처 : 에프앤가이드"
프레스티지바이오로직스,바이오시밀러 제조,의약품 제조업,"기업개요
동사는 2021년 코스닥 시장에 상장하여 국내외 제약회사의 첨단 바이오의약품을 위탁 생산하며,의약품개발 과정에 참여하여 개발단계별 맞춤형 서비스를 제공하는 사업을 영위하고 있음.
Easy to modify/Adapt 시스템을 도입하여 고객 필요에 맞는 제조 환경을 제공하는 CDEMO 사업을 영위하고 있음.
동사는 현재 항체의약품 생산 전문제약회사로서 항체의 정제와 관련하여 독자적인 항체 정제방법 기술을 보유하고 있음.
출처 : 에프앤가이드"
프리시젼바이오,체외진단 기기 및 시약,의료용 기기 제조업,"기업개요
동사는 다양한 질병 표지자 검출 기술을 바탕으로 임상진단 솔루션을 제공하는 체외진단(IVD) 전문기업임.
인공위성 카메라 이미징 기술을 활용한 시분해 형광 면역진단 플랫폼 개발을 통해 면역진단제품인 Exdia TRF 플랫폼과 골드흡광 검사기 및 시약 플랫폼, 신속육안진단 플랫폼 PBCheck 등을 판매중에 있음.
면역진단 검사기 및 카트리지, 임상화학 검사기 및 카트리지와 관련하여 특허 375건을 보유하고 있음.
출처 : 에프앤가이드"
피플바이오,올리고머화 베타-아밀로이드 검사제품(알츠하이머병 진단),의료용품 및 기타 의약 관련제품 제조업,"기업개요
동사는 2002년 9월 9일 설립되어 생물 공학을 이용한 의약 개발, 식품재료 개발, 화학물질 개발ㆍ공급 및 자문을 주요 사업으로 영위하고 있음.
동사의 주력 제품은 대표적인 퇴행성 뇌질환 중 하나인 알츠하이머병 조기진단에 활용할 수 있는 혈액 검사 제품이 있음.
동사는 현재 상급 종합병원과 검진센터, 병·의원급 등 전국 120개 의료기관에 알츠온 브랜드를 앞세워 알츠하이머병 혈액검사 키트 제품(의료기기)을 공급하고있음.
출처 : 에프앤가이드"
하이텍팜,주사제용 무균 원료의약품(Sterile Imipenem 외),기초 의약물질 및 생물학적 제제 제조업,"기업개요
원료의약품의 제조 및 판매 등을 영위할 목적으로 1998년 설립되었으며, 2010년 코스닥시장 상장을 승인받아 매매가 개시됨.
주사제용 무균이미페넴/실라스타틴은 카바페넴계 항생제로 원 개발자는 미국 MSD이며 동사 및 중외 제약, 대만의 Savior 등과 경쟁 중임.
2003년 처음 발매를 시작한 이후 수요가 있는 여러나라에 판매하고 있으며 품질 및 가격에서 경쟁력을 유지 하고 있음.
출처 : 에프앤가이드"
휴럼,금융지원 서비스,기타 식품 제조업,"기업개요
동사는 2005년 8월 26일 후스타일이라는 법인형태로 설립되었으며, 2017년 12월 12일 코넥스 시장에 상장함. 2017년 4월 1일에 휴럼을 흡수합병하고, 사명을 휴럼으로 변경함.
건강기능식품 및 유산균 관련 제품을 제조하여 유통하는 사업, 카페전용원료를 유통하는 사업을 주사업으로 영위하고 있음.
2021년 7월 27일 엔에이치스팩16호와 코넥스 기업 휴럼이 합병하여 코스닥시장에 상장하며,사명은 휴럼으로 변경됨.
출처 : 에프앤가이드"
JW중외제약,"수액제,소화기궤양치료제,항생제,항암제 제조,도매",의약품 제조업,"기업개요
동사는 의약품의 연구, 개발, 제조, 판매를 주요 사업으로 하며 치료제 중심으로 병원시장을 선도하고 있음.
리바로, 트루패스, 시그마트, 악템라 등 강력한 오리지널 파이프라인, 세계 5대 수액제 브랜드로 오메가3와 오메가6를 이상적으로 배합한 3세대 3챔버 영양수액 위너프 등을 보유.
피타바스타틴과 에제티미브를 결합한 2제 복합신약을 국내 최초로 품목허가를 받았음.
출처 : 에프앤가이드"
JW홀딩스,의약품 수출입업,기타 금융업,"기업개요
2007년 JW중외제약의 투자사업부문과 해외사업부문 등을 인적 분할하여 설립된 지주회사임. 의약품도소매 및 수출입업, 부동산임대, 브랜드 및 지적재산권 라이선스업, 투자경영자문 및 컨설팅업 등을 목적으로 함.
국내외에 JW중외제약, JW생명과학, JW Healthcare Philippines 등 1,521개의 연결대상 종속회사를 보유함.
동사의 주요 상품으로는 프리페넴, 영양수액, 이트라코나졸, 메로페넴이 있음.
출처 : 에프앤가이드"
SK바이오사이언스,백신 제품 및 제제,기초 의약물질 및 생물학적 제제 제조업,"기업개요
동사는 에스케이케미칼 주식회사의 VAX사업부문을 물적분할하여 설립되었으며, 백신 및 바이오의약품의 연구개발, 생산, 판매 및 관련된 지식재산권의 임대를 주요 사업으로 영위함.
코로나19 팬데믹으로 인한 글로벌 최고 수준의 백신 생산시설인 L House를 기반으로 글로벌 제약사와의 수주 계약을 통해 코로나19 백신의 C(D)MO사업을 본격화함.
AstraZeneca, Novavax 위탁생산으로 코로나19 백신을 공급하고 있음.
출처 : 에프앤가이드"
부광약품,"의약품,치약,의약부외품(부광탁스,레가론,부광안티프라그) 제조",의약품 제조업,"기업개요
1960년 설립된 의약품, 의약외품 제조업 및 판매업과 연구개발 등 생명공학 관련사업을 영위하는 회사로 1988년 유가증권시장에 상장됨.
주요 제품으로는 레가론, 치옥타시드, 훼로바, 덱시드, 씬지로이드, 아프로벨, 오르필, 액시마, 헥사메딘, 등이 있음.
동사는 전국을 대상으로 영업활동을 하고 있으며, 매출형태별로는 제품매출, 상품매출, 수출/기타 매출이 있음.
출처 : 에프앤가이드"
서흥,"의약품(하드캅셀,건강보조식품,소프트캅셀),건강보조식품,인삼제품 제조,판매",기타 화학제품 제조업,"기업개요
동사는 1973년 설립되어 1990년 한국거래소에 상장했으며 하드캡슐, 의약품 및 건강기능식품, 화장품 및 젤라틴 부문 사업을 영위하는 제조 전문기업임.
주요 사업부문은 캡슐, 젤라틴 등 원료, 화장품 부문으로 구성되며 하드캡슐부문에서 동사가 국내 시장 95% 이상을 점유하고 있음.
연결대상 종속법인을 10개 보유하고 있으며 각 기업들은 젤라틴, 캡슐 등 제조업, 건강기능식품 제조업, 부동산 임대업 등을 영위하고 있음.
출처 : 에프앤가이드"
신풍제약,"의약품(항생제,혈전용해제,향정신성약품,구충제) 제조,판매",의약품 제조업,"기업개요
동사는 1962년 6월 5일 의약품 제조를 목적으로 설립되었으며 1990년 1월 20일에 유가증권시장에 상장됨.
동사의 주요 목적사업은 완제의약품 및 원료의약품 등의 제조 및 판매임.
동사는 글로벌 신약개발, 개량신약 및 퍼스트제네릭 출시로 향후 매출 증가를 꾀하는동시에 수익성 높은 품목의 집중 육성을 통해 수익성을 제고하여 경쟁이 치열한 국내제약시장에서 경쟁력 확보를 위해 매진하고 있음.
출처 : 에프앤가이드"
유한양행,"의약품(삐콤씨, 안티푸라민, 렉라자, 로수바미브, 코푸시럽 등), 생활용품(유한락스, 해피홈, 유한젠), 동물약품",의약품 제조업,"기업개요
동사는 1926년 6월에 설립되었으며 의약품, 화학약품, 공업약품, 수의약품, 생활용품 등의 제조 및 매매를 주 사업목적으로 하고 있음.
동사의 주요 사업부문은 약품사업부문, 생활건강사업부문, 해외사업부문으로 이루어짐.
의약품사업부문의 주요 제품으로는 렉라자, 안티푸라민, 삐콤씨, 듀오웰, 코푸시럽 등이 있고 이외에도 에이즈치료제, C형간염치료제, 항생제 등을 수출사업에서 다루고 있음.
출처 : 에프앤가이드"
한독,"의약품(소화제,크라포란,라식스)제조,도매,부동산 임대",의약품 제조업,"기업개요
동사는 의약품, 제약원료 및 공업용약품의 소분업과 제조판매업 등을 영위할 목적으로 1954년에 설립됨.
동사가 영위하는 주요 사업으로는 의약품, 의료기기, 건강기능식품, 부동산 임대업 등이 있으며, 주요 제품으로는 아마릴, 테넬리아, 아텔리카, 레디큐 등이 있음.
서울특별시 강남구 역삼동에 본사를, 충청북도 음성군에 공장을, 서울특별시 강서구 마곡동에 연구소를 두고 있으며, 지방사무실들을 설치ㆍ운영하고 있음.
출처 : 에프앤가이드"
HLB제약,"씨트리시메티딘정, 로자틴정",자연과학 및 공학 연구개발업,"기업개요
동사는 1998년 4월 23일에 설립되었으며 주요 목적사업은 완제의약품과 원료의약품의 개발 및 제조임. 2015년 12월 21일 코스닥시장에 상장함.
주요 제품은 의사의 처방에 의한 전문의약품 ETC에 속하는 '씨트리시메티딘정', '로자틴정', '라베피아정' 등과 일반의약품 OTC에 속하는 '지노베타딘질좌제' 등이 있음.
동사의 시장지배력은 대형 제약사 대비 미미한 상황이나 신규 출시 제품을 중심으로 시장점유율을 확대하고 있음.
출처 : 에프앤가이드"
HLB테라퓨틱스,"임베디드 GUI 미들웨어 FXUI-2D, FXUI-3D",기타 전문 도매업,"기업개요
동사는 2008년 설립된 의약품 연구개발 기업으로서 2016년 코스닥시장에 주권을 상장함.
동사는 개발단계 프로그램으로 다제내성 결핵 치료제 Telacebec(Q203), 아토피성 피부염 치료제 Q301, 면역항암/내성암 치료제 Q702 , CDK7 저해 항암제 Q901을 주요 포트폴리오로 가지고 있음.
동사는 의약품 연구개발을 주요 사업으로 영위하고 있으며, 프로젝트 매니지먼트 기반의 네트워크 연구개발을 사업모델로 구성함.
출처 : 에프앤가이드"
대화제약,"후로스판, 세파메칠 등",의약품 제조업,"기업개요
동사는 1984년 설립되어 2003년 코스닥시장에 상장되었으며 의약품 및 의약부외품의 제조 및 판매와 완제의약품을 공급받아 유통하는 의약품 도매업을 영위하는 기업임.
사업부문은 약품 및 의약품외품의 제조및 판매업, 도소매업, 원료의약품 제조 및 판매업 등을 주요 사업으로 함.
제품은 전문의약품, 일반의약품, 의약품원료로 구성되며, 주요 제품으로 세파메칠정, 후로스판정, 마그네스정 등 감염질환, 소염진통제 등으로 구성됨.
출처 : 에프앤가이드"
디오,자동포장기계,의료용 기기 제조업,"기업개요
동사는 1988년 설립되어 의료기기와 인공치아용 임플란트 제품을 생산 및 판매하는 사업을 영위함.
동사가 공급하는 주력 제품군은 임플란트, DIONavi., Digtal 교정장치, 디지털 보철솔루션 등 총 4개 부문임.
치과용 임플란트 판매를 주 사업목적으로 DIO CENTRAL EUROPE Kft.(Hungary)라는 계열회사가 2023년 02월에 설립되었으며, 현재 동사가 보유한 지분율은 100%임.
출처 : 에프앤가이드"
리메드,자기장 치료기기,의료용 기기 제조업,"기업개요
강력한 자기장을 생성시켜 비침습적인 자극으로 신경세포의 탈분극 유도를 통해 각종 질환을 치료/재활하는 의료기기를 개발 및 제조.
주요 사업으로는 비침습적 방법으로 TMS를 활용하는 뇌재활사업, 각종 근골격계 통증치료에 사용되는 NMS를 활용한 만성통증사업, 근력 강화를 위한 CSMS를 활용한 에스테틱사업이 있음.
NMS 제품의 경우 2021년 가장 큰 시장인 미국에서 FDA 허가를 받은 뒤 현재 미국 시장에도 진출.
출처 : 에프앤가이드"
바이오니아,"합성유전자,시약및유전자분석장비",의료용품 및 기타 의약 관련제품 제조업,"기업개요
동사는 1992년 국내 바이오벤처 1호로 설립되어 2005년 코스닥시장에 상장하고, 연구 및 분자진단, 프로바이오틱스, 신약개발 등 다양한 사업을 영위하고 있음.
유전자 연구에 필요한 기초 원료물질의 생산부터 합성, 추출 및 증폭에 필요한 장비와 키트까지 자체적으로 개발하여 생산하는 국내 유일 분자진단 토탈 솔루션 기업.
연결회사로 미국, 중국의 해외법인과, 에이스바이옴, 써나젠테라퓨틱스, 알엔에이팜을 보유함.
출처 : 에프앤가이드"
바이오다인,액상세포검사 장비 및 소모품,의료용 기기 제조업,"기업개요
동사는 1999년 10월 설립되었으며, 주요 사업 분야는 액상세포검사(LBC)임.
동사는 세포의 변형 없이 진단에 필요한 세포를 고르게 스미어하는 블로윙 기술을 기반으로, 자궁경부암 등의 진단을 위한 액상세포검사(LBC) 진단 기기 및 진단시약 키트를 생산, 판매하고 있음.
일본, 러시아, 포르투갈 등 전 세계 11개국에 수출하고 있으며, 글로벌바이오테크컴퍼니와의 계약을 통해 글로벌 판매 기반이 확보되었음.
출처 : 에프앤가이드"
바텍,"치과용 디지털 X-ray기기 (파노라마, CT) 및 구강스캐너 등",의료용 기기 제조업,"기업개요
1992년 설립된 동사는 Digital X-ray System과 Solution을 개발 및 제조하여 치과에 판매하는 전문 덴탈의료기기 제조업체임.
주력사업인 덴탈 이미징은 치과용 Digital X-ray 및 CT, Generator를 개발하여 국내외 현지법인과 대리점을 통해 판매하고 있음.
자회사 바텍엠시스는 FCM(Free Care Membership) 서비스를 론칭하여 기공소와 치과를 연계하는 종합 서비스를 제공하고 있음.
출처 : 에프앤가이드"
블레이드 Ent,"콘돔,고무골무,의료용 장갑",고무제품 제조업,"기업개요
1973년 설립이래 지속적인 시설을 확장함과 동시에 최신 자동설비를 설치하여 콘돔 및 의료용 고무제품 외 마스크와 필터 및 의약품 생산 ·판매 하는 회사임.
동사의 주요 종속회사인 블루베리메타는 확보한 IP(지적재산권)를 활용한 NFT플랫폼 서비스 사업등을 진행하고 있음.
동사의 주요 제품은 콘돔, 지삭크(COT), 장갑(의료용, 공업용, 방호용, 검진용)등이 있음.
출처 : 에프앤가이드"
서울제약,"정제,연질캅셀제,경질캅셀제,연고 및 크림제 등",의약품 제조업,"기업개요
동사는 1985년 12월 23일 설립되어 의약품(양약)제조 및 판매업을 영위하였으며 2000년 7월 코스닥시장에 상장됨.
의약품의 제조 및 판매를 목적으로 하고 있으며 우수의약품 개발 및 생산을 통한 질병퇴치와 국민건강증진이라는 창업이념에 바탕을 두고 있음.
2012년 세계 최초로 140.45mg 의 고용량의 주성분을 함유한 구강붕해필름인 불티스를 개발함. 한국화이자제약, 대웅제약 등에 구강붕해필름 제품을 생산 공급하고 있음.
출처 : 에프앤가이드"
싸이토젠,CTC 기반 Liquid Biopsy 응용사업 및 플랫폼,자연과학 및 공학 연구개발업,"기업개요
동사는 2010년에 설립된 순환종양세포(CTC) 기반 액체생검 전문 업체로, 2018년 코스닥시장에 기술특례 상장함.
액체생검은 암을 진단할때 조직생검 대비 안전성, 편의성, 검출력 등의 장점을 가진 방법이며, 바이오마커로 CTC, 엑소좀 등이 활용되는데 동사는 CTC 기반 플랫폼 기술을 보유함.
CTC를 손상 없이 포획할 수 있는 고밀도 미세다공칩(HDM chip)을 개발하였고, 세계 최초로 상용화 수준의 CTC 배양에 성공함.
출처 : 에프앤가이드"
씨젠,"호흡기성 병원체 검사제품, 성감염증원인균 검사제품",의료용품 및 기타 의약 관련제품 제조업,"기업개요
동사는 인체 및 동식물에서 채취한 검체로부터 유전자 정보가 들어있는 DNA 및 RNA 분석을 통해 질환의 원인을 검출하는 분자진단사업을 핵심사업으로 함.
동사의 기본적인 영업 경로는 국내외 협력 대리점 및 해외법인으로, 이탈리아, 중동, 미국, 캐나다, 독일, 브라질, 멕시코, 콜롬비아, 남아공에 현지 법인 및 지점을 설립하여 지역적 접근 및 직접 관리를 강화.
2023년 1분기 기준 총매출액 중 수출 비중이 80% 이상을 차지.
출처 : 에프앤가이드"
에이비온,"표적 항암제, 바이오 베터 신약",자연과학 및 공학 연구개발업,"기업개요
동사는 2007년 4월 설립되었으며 2021년 9월 코스닥 이전상장되었음.
동사는 정밀의료 기반의 항암제 및 호흡기 바이러스 치료제 등 신약 후보물질을 개발하고 있음.
동사의 주력 파이프라인으로는 c-MET 표적항암제 ABN401, 바이러스성 감염병 치료제 ABN101, Claudin3 표적 항체 치료제 ABN501이 있으며, 현재 ABN401은 임상2상 진행 중에 있음.
출처 : 에프앤가이드"
에이프로젠 H&G,"모바일게임 퍼블리싱, 바이오의약품 연구개발업 및 판매, 생산설비 및 연구장비의 대여 및 판매",기타 전문 도매업,"기업개요
1998년 2월에 설립되어, 모바일게임 퍼블리싱, 의약품 도소매업, 임대수익 사업을 영위하고 있음.
동사는 모바일게임 개발 및 퍼블리싱 사업을 하고 있으며, 이 외에 부동산 및 장비 임대를 하는 임대수익사업부 및 의약품 도.소매를 주요 사업으로 하는 의약품사업부로 이루어져 있음.
게임사업의 주요 제품은 포트리스M 등이 있으며, 의약품사업에서는 항생제, 순환기제, 소화기제 등 100품목 이상의 전문의약품을 판매하고 있음.
출처 : 에프앤가이드"
엠아이텍,비혈관 스텐트 및 체외충격파 쇄석기,의료용 기기 제조업,"기업개요
1991년 설립된 동사는 비혈관용 스텐트와 비뇨기과 쇄석기를 제조, 판매하는 의료기기 전문업체임.
주력 제품은 소화기(소화기관용) 스텐트로 3,000여 가지의 디자인을 보유하고 있음. 수작업 방법으로 독특한 구조와 고객 맞춤형 다양한 제품을 생산 판매함.
동사는 주요 사업인 비혈관 스텐트와 시너지 효과가 있는 소화기 내과 포트폴리오를 구성하기 위해 2020년 6월 후지필름 소화기 내시경 장비를 국내에 수입/유통판매를 시작함.
출처 : 에프앤가이드"
인피니트헬스케어,의료영상저장전송시스템(PACS),소프트웨어 개발 및 공급업,"기업개요
동사는 2002년 주식회사 메디페이스와 주식회사 쓰리디메드의 신설합병을 통해 설립된 회사로, 의료용 소프트웨어를 판매하고 유지보수하는 서비스를 주요사업으로 영위하고 있음. 국내 PACS 시장 점유율 1위 기업임.
PACS는 의료기기에서 획득한 영상을 의료 표준에 따라 디지털화하여 저장, 전송 및 관리하는 시스템임.
동사의 국내 및 해외 종속회사는 총 12개이며, 이 중 국내 법인은 3개, 해외 법인은 9개를 보유하고 있음.
출처 : 에프앤가이드"
일신바이오,초저온냉동고및동결건조기,일반 목적용 기계 제조업,"기업개요
동사는 생명공학의 연구 및 식품, 제약업체의 생산, 연구에 사용되는 초저온냉동고(Deep Freezer), 동결건조기(Freeze Dryer), PLANT형 동결건조기 등 제조, 판매하는 바이오장비 전문회사임.
주요 종속회사인 (주)아이에스씨는 이화학기기의 수출전문 업체로서 지배회사인 (주)일신바이오베이스의 제품 전반의 해외영업 및 해외 마케팅을 전담하고 있음.
출처 : 에프앤가이드"
중앙백신,동물용백신,기초 의약물질 및 생물학적 제제 제조업,"기업개요
동사는 2003년 7월 코스닥시장에 상장된 동물약품 전문 제조업체로 동물 백신의 생산 판매를 주력으로 하고 있으며 사료첨가제, 구충제 등의 상품 판매도 하고 있음.
동사는 축종에 따라 수이샷 양돈백신, 포울샷 가금백신, 캐니샷 애견백신, 보비샷 축우백신 등으로 제조 판매하고 있음.
국제수역사무국 산하 Affsa Nancy 인증을 받아 광견병 중화항체가 농장을 대상으로 병성진단 용역 및 생물학적제제에 대한 연구용역을 제공하고 있음.
출처 : 에프앤가이드"
지니너스,"NGS기반 조직생검 암유전체 동반진단(CancerSCAN), 액체생검 암유전체 동반진단(LiquidSCAN), 단일세포분석(Celinus) 등",자연과학 및 공학 연구개발업,"기업개요
동사는 유전체 분석 기술을 바탕으로NGS(Next Generation Sequencing) 기술 트렌드를 선도하고 정밀의료 시장을 선도하는 생물정보분석 전문 기업임.
NGS 암 진단 서비스인 CancerSCAN 및 액체생검 NGS 검사인 LiquidSCAN를 선도적으로 상용화하였음.
초정밀 싱글셀 분석 기술을 통해 싱글셀 분석 플랫폼인 Celinus를 운영하고 있으며, 바이오마커 발굴 및 면역항암백신 개발을 추진하고 있음.
출처 : 에프앤가이드"
진바이오텍,"펩소이젠(식물성단백질),바이오스타치(가공전분),나투포멘(친환경생균제),락토케어(항생제대체형미생물제제)등",산업용 농·축산물 및 동·식물 도매업,"기업개요
동사는 2000년에 설립되어 2006년 코스닥시장에 상장되었으며 유익미생물을 이용한 기능성 사료첨가제의 제조, 판매 및 동물약품 생산을 영위하고 있음.
주요 제품으로는 펩소이젠, 락토케어, 아세트펜30액, 슈퍼솔 등이 있으며 가공 및 제조방법에 있어 특허 보유.
고상동물약품과 사료첨가제의 경우 상대적으로 제품의 수명이 안정적인 것이 특징이며 고상발효를 통한 항생제 대체물질과 식물성 단백질 원료의 개발을 중심으로 연구개발을 추진.
출처 : 에프앤가이드"
진시스템,분자진단기반 플랫폼 개발 및 제조·판매,의료용 기기 제조업,"기업개요
동사는 2010년 3월 24일에 설립된 분자진단 관련 원천기술의 개발 및 사업화를 목적으로 설립된 벤처기업임.
2016년 신속 PCR 기술 기반 현장 분자진단 플랫폼의 상용화에 성공함으로써, 분자진단의 혜택을 보다 경제적으로 누릴 수 있도록 하기 위한 솔루션을 개발, 제조 및 서비스하고 있음.
2021년 5월 26일 코스닥 시장에 기술성장기업 특례를 통해 신규 상장함.
출처 : 에프앤가이드"
진양제약,"소부날, 옥티란",의약품 제조업,"기업개요
동사는 의약품 제조 및 판매 (수출입 포함)를 지배적 사업부문으로 영위하고 있음.
의약품의 제조, 판매를 주요 사업으로 하고 있으며, 동사의 판매는 현재 내수 98%, 수출 2% 이며 내수는 외상판매로 판매방법은 영업부직원이 약국과 병의원을 직접방문 주문 후 판매하는 방법 등이 있음.
동사는 국내 유수의 제약사들과의 공동판매를 통해 적극적으로 시장점유율 확대를 추진하고 있음.
출처 : 에프앤가이드"
큐리언트,저분자 혁신신약,자연과학 및 공학 연구개발업,"기업개요
동사는 2008년 설립된 의약품 연구개발 기업으로서 2016년 코스닥시장에 주권을 상장함.
동사가 영위하는 사업은 연구개발총괄부문과 의약품유통부문으로 나뉘어져 있음. 연구개발총괄부문에서는 항암제, 항생제, 항염제 등의 신약개발활동을, 의약품유통부문에서는 전문의약품 유통을 담당하고 있음.
항암 파이프라인으로는 면역항암제 Q702와 세포주기조절인자를 타겟하는 항암제 Q901이 있으며, MSD(미국 머크)와 공동개발계약을 체결함.
출처 : 에프앤가이드"
클래시스,미용의료기기,의료용 기기 제조업,"기업개요
동사는 2007년 설립되었으며, 미용목적을 위한 의료기기와 미용기기 그리고 개인용 뷰티 디바이스 및 화장품 사업을 영위하고 있음.
주요 제품의 누적 판매대수와 사용횟수가 증가되고 있음. 현재 동사 브랜드와 소모품의 매출비중은 각각 50.1%, 47.9%임.
매출처는 전세계 60여개국 대리점 및 국내 병의원, 일반 소비자 등으로 이루어져 있으며, 제품 및 관련 소모품은 당사의 생산 시설을 통해서 직접 생산하고 있음.
출처 : 에프앤가이드"
테라젠이텍스,"Loading/Unloading System, PCB Bonding System",의약품 제조업,"기업개요
동사는 유전자 기반의 예측 및 진단, 예방, 신약 개발, 제약, 의약품 유통, 의료 빅데이터 등 관련 산업 전반을 아우르는 종합 제약·바이오 그룹임.
유전체 분석 및 관련 사업을 하는 바이오연구소 부문과 의약품 생산, 판매를 하는 제약사업 부문으로 구분되며, 각각 대표를 따로 두고 독립적으로 운영 중임.
계열사인 이텍스제약을 2010년 합병하여 제약사업을 영위하고 있으며, 종속회사 중 리스팜은 의약품 전문 유통업을 영위.
출처 : 에프앤가이드"
헬릭스미스,"바이오신약, 천연물신약 연구개발",자연과학 및 공학 연구개발업,"기업개요
동사는 1996년 서울대 학내 벤처로 설립되어 2005년 코스닥시장에 상장하고, 2019년 바이로메드에서 헬릭스미스로 사명 변경함.
플라스미드 DNA 플랫폼을 이용한 유전자치료제를 개발하는 바이오신약 사업과 천연소재의 약효를 검증하는 천연물신약 사업을 영위함.
임상단계 파이프라인으로 DNA 기술 기반의 VM202(당뇨병성신경병증, 족부궤양, 루게릭병), VM206(유방암)과 재조합 단백질 기반의 VM501(혈소판감소증)이 있음.
출처 : 에프앤가이드"
휴메딕스,"히알루론산 관절염치료제, 히알루론산 더말필러",의약품 제조업,"기업개요
동사는 2003년 2월에 설립되어 인체에 높은 안전성을 가진 생체 적합성 히알루론산 응용핵심 원천기술을 활용한 필러와 관절염치료제를 국내 및 글로벌 헬스케어 시장에 공급하고 있음.
동사는 이러한 원천 기술을 바탕으로 다양한 분야에 적용하여 의약품, 의료기기, 원료생산 뿐만 아니라 기능성 화장품 분야로 사업영역을 넓히고 있음.
주력 제품군은 고분자 소재인 히알루론산(HA), PDRN을 이용한 전문의약품 생산, 판매.
출처 : 에프앤가이드"
휴온스,"전문의약품, 일반의약품",의약품 제조업,"기업개요
동사는 주로 국소마취제, 점안제, 개량신약 및 제네릭 의약품 등을 국내 병의원, 약국에 공급하는 의약품 및 에스테틱 제품을 판매하는 제약사임.
의약품 부문의 경우 국소마취제, 점안제를 비롯해 다양한 포트폴리오의 의약품(300여개 이상 품목등록 보유)을 국내 병ㆍ의원ㆍ약국을 대상으로 공급 중임.
한편 2022년 1월, 종속회사 휴온스푸디언스를 통해 종합 건강기능식품 판매 영위 중.
출처 : 에프앤가이드"
JW생명과학,"기초수액, TPN, 특수수액, HEMO, 영양수액 등",의약품 제조업,"기업개요
동사는 전문의약품인 수액 제품을 전문으로 생산하고 있으며, 지속적인 성과와 기술혁신을 통해 개발한 3세대 영양수액제가 아시아 최초로 유럽시장 진출에 성공함.
동사는 2013년 JW홀딩스를 통해 글로벌 기업인 Baxter와 수액 공급계약을 체결하였으며, 아시아권 제약사 중 최초로 완제품을 유럽에 수출함.
블록버스터급 바이오의약품 특허만료와 각국의 복제의약품 사용 장려 등에 따라 바이오시밀러 시장 확대가 예상됨.
출처 : 에프앤가이드"
광동제약,"의약품,식음료 제조,도매",의약품 제조업,"기업개요
동사의 영업부문은 약국영업부문(OTC/DTC), 병원영업부문(ETC), 유통영업부문, 생수영업부문으로 구분하고 있음.
동사의 주요제품으로는 쌍화탕류, 우황청심원, 베니톨, 비타500, 광동 옥수수수염차 등이 있으며, 2012년에는 삼다수 판매권을 획득하여 생수사업을 시작함.
동사의 매출 대부분은 국내 매출로 약국용 일반제품과 병원용 제품 및 유통제품으로 대분류할 수 있음.
출처 : 에프앤가이드"
덴티움,치과용 기기 제조업,의료용 기기 제조업,"기업개요
동사는 2000년 설립되어 임플란트 제품을 주력으로 치과용 의료기기 및 생체재료를 Total Solution으로 개발, 생산, 판매하고 있음.
임플란트 전체 치료 과정 Package 판매 확대를 통해 매출 성장과 수익성을 확대해 나가고 있음.
지역별 매출 비중은 국내 28%, 해외 72%로 해외 매출 비중이 높은 수출형 기업임. 해외법인과 현지 딜러 네트워크 영업망을 적극 활용하여 70여개 국가에서 판매 확대를 전개하고 있음.
출처 : 에프앤가이드"
동성제약,"의약품,화장품 제조,도매",의약품 제조업,"기업개요
동사는 1957년 설립되어 의약품, 화장품의 총 2개 사업부문으로 운영되고 있으며, 1990년 유가증권시장에 상장함.
동사의 의약품과 화장품 중 염모제 제품군은 대부분 아산공장에서 직접 생산 중이며, 그 외 제품군은 상품을 매입하여 판매하는 체제로 운영하고 있음.
충남 아산에 생산공장 및 중앙연구소, 서울 서초구에 의약외품연구소, 대구광역시에 대구암센터를 비롯해 서울을 포함한 각 지방에 총 18개의 사업장을 운영 중임.
출처 : 에프앤가이드"
에스디바이오센서,STANDARD Q 항원/항체 진단키트(COVID-19 진단키트),의료용 기기 제조업,"기업개요
동사는 2010년 12월 27일 에스디(현, 한국애보트진단)의 바이오센서 사업부문을 인적 분할하여 설립된 회사임. 면역 및 분자진단 연구개발 확대와 경영 효율성 확보를 위해서 2016년 바이오넥스트를 합병함.
분자진단, 면역화학진단, 현장진단, 자가혈당측정 분야에 주력하고 있으며 'STANDARD M', 'STANDARD Q' 등에 대해 연구개발 및 판매를 진행하고 있음.
2021년 7월 16일 코스피 시장에 신규 상장함.
출처 : 에프앤가이드"
영진약품,"의약품(드링크제,항생제,영양수액제),의약부외품 제조,판매",의약품 제조업,"기업개요
동사는 1962년 의약품의 제조 및 판매를 목적으로 설립되었으며, 1973년 한국거래소에 상장됨.
KT&G그룹의 계열사로 바이오/제약 사업부문의 중추적 역할을 수행하며, 국내외 제약시장에서의 지속 가능성 및 혁신적인 제품 개발 능력 등 우수한 사업성을 입증하고 있음.
하모닐란 등 대형품목 및 파이브로 등 주요 자사 경구제의 매출 회복을 통해 꾸준한 성장을 유지하고 있음.
출처 : 에프앤가이드"
팜젠사이언스,의약품 외,의약품 제조업,"기업개요
동사는 1966년 설립되어 경기도 화성시에 본점을 두고 의약품제조 및 도소매유통을 영위하고 있으며 1990년 유가증권시장에 상장됨.
동사는 치료제 중심의 의약품 제조 및 판매 업체로 순환기, 소화기, CNS약물, 항생제 등의 전문의약품과 오랜 전통을 이어온 미가펜, 네프리스 등의 일반의약품을 중심으로 내수 시장에 집중하고 있음.
동사의 주요 제품으로는 고혈압 치료제 바르디핀정, 고지혈증 치료제 리바틴정, 크바스틴정 등이 있음.
출처 : 에프앤가이드"
하나제약,완제의약품,의약품 제조업,"기업개요
동사는 1978년 전신인 우천제약으로 설립되어, 1996년 하나제약으로 상호 변경하였음.
다년간 마약성진통제, 마취의약품 시장에서 선두권에 위치해 있으며 순환기의약품, 진통제 등 360여개의 다양한 의약품을 통해 전방위적인 전문의약품 사업을 하고 있음.
또한 난용성 약물 서방화 기술, 확산제어형 서방화 기술, 복합제제 제조 기술, OROS제제 기술과 관련한 특허를 보유하고 있으며, 고부가가치 신약 개발에도 정진하고 있음.
출처 : 에프앤가이드"
한컴라이프케어,"공기호흡기, 방독면, 보호복 등",의료용 기기 제조업,"기업개요
동사는 재난 극한 상황에서 작업자의 생명을 보호하는 목적으로 호흡기, 피복류, 헬멧, 장화, 장갑 등 개인용 안전장비를 생산 및 판매함.
주요 제품은 '소방장비 구매분야'의 호흡보호장비(공기호흡기), 구조장비, 구급장비에 해당되는 것들임.
동사의 제품은 소방/군/경찰용 안전장비를 위주로 질병관리청, 방위사업청 등 정부에 납품되거나, 화학/중공업(선박업)을 영위하는 일반 기업체(산업현장)에서 개인 안전장비로 활용됨.
출처 : 에프앤가이드"
EDGC,유전체 분석 진단 서비스,자연과학 및 공학 연구개발업,"기업개요
동사는 cfDNA기반 액체생검 중 가장 고난이도인 메틸레이션 분석기술을 보유한 최첨단 기술기업임. 또한 인간유전체데이터의 글로벌 표준을 만든 유일한 아시아 유전체 기업임.
주요 상품은 개인맞춤형 헬스케어서비스인 유후(YouWho), 건강검진시 혈액으로 조기에 암검진을 하는 세계 최초 액체생검진단인 온코캐치E가 있음.
2020년 8월 이디지씨헬스케어의 흡수합병을 통하여 체외진단 시약 및 체외진단장비 분야로도 사업영역 확장 중.
출처 : 에프앤가이드"
HLB,"의료기기, 의약외품 등",의료용품 및 기타 의약 관련제품 제조업,"기업개요
동사와 Elevar(LSK Biopharma)는 다양한 신약개발 및 임상경험을 보유하고 있는 글로벌 의약품 전문회사임.
동사의 복합소재사업부는 LifeBoat, 특수선박, GRP 파이프 및 조선기자재를 생산하고 있음.
헬스케어사업부는 체외진단의료기기 등을 제조, 판매하는 체외진단 의료기기 및 의약외품을 제조하는 사업부이며, ENG사업부는 LifeBoat & Davit, 특수선박 및 GRP/GRE PIPE를 제조, 판매함.
출처 : 에프앤가이드"
HLB생명과학,"ESCO 사업, 신재생에너지 사업",의료용품 및 기타 의약 관련제품 제조업,"기업개요
체외 진단용 의료기기 개발 및 제조, 의약외품의 구성품 개발 및 완제품 위탁생산을 하는 메디케어사업을 주요 사업으로 영위하고 있음.
신규사업의 일환으로 3개의 신규한 기전의 항암 신약 물질에 대한 국내 전용실시권을 보유하고 있음.
에너지 사업부문은 ESCO사업을 통해 경험한 소각플랜트 수행실적을 바탕으로 부산 소재의 산업용 폐기물 중간처분업체를 인수하여 정상화 작업을 위한 EPC사업을 진행 중.
출처 : 에프앤가이드"
대한약품,수액제,의약품 제조업,"기업개요
동사는 수액제 전문의약품 제조, 판매업체로, 기초 의약품인 수액제와 앰플제, 환자들의 비경구 영양 보충을 위한 영양수액제 등을 주로 생산 판매하고 있음.
약국시장부문에서도 렌즈세척액, 다용도 세척을 위한 염화나트륨액등을 판매함.
2014년 자동화 창고 및 신공장 건물 완공, 2016년도 수액백 제품 자동화 생산라인을 구축 등 지속적인 시설 투자를 통해 제품재고 확보 및 원가절감 효과를 보고있음.
출처 : 에프앤가이드"
바이오플러스,"생체재료 개질 기술을 사용한 히알루론산(HA) 기반 더말필러, 유착방지제 및 그 응용제품",기초 의약물질 및 생물학적 제제 제조업,"기업개요
히알루론산을 주재료로 하는 의료기기인 더말 필러, 유착 방지제 등의 연구 개발 및 제조, 판매를 주요 사업으로 영위.
동사는 사업 초기부터 파트너사를 통한 국내외 시장 진출 및 수출 증대를 추진하고 있으며, 이를 위해 기술주도 Brand Launching 판매전략을 채택하여 운용.
최근 국내 영업 활성화를 위해 최적화된 영업조직을 구축하여 직접 판매 영역을 강화하고, 역량 있는 파트너사와의 유기적 영업 활동을 진행해 오고 있음.
출처 : 에프앤가이드"
바이젠셀,"면역세포치료제 (면역항암제, 면역조절치료제 등)",자연과학 및 공학 연구개발업,"기업개요
동사는 신규 의약품 등의 연구개발, 면역세포치료제 의약품 등의 개발과 제조 사업 등을 영위하고 있는 바이오 벤처회사임.
다양한 종양과 난치성 질환을 치료하는 플랫폼 기술을 활용하여 세포 치료제 전문기업으로의 성장 비전을 수립하고 있음.
산모와 태아 사이의 면역관용을 유지하기 위해 풍부한 면역조절 환경에 있는 제대혈에서 줄기세포를 이용한 세계 최초의 골수성 억제세포(MDSC) 증식에 성공하여 면역억제 세포치료제 상용화 단계에 있음.
출처 : 에프앤가이드"
뷰웍스,X-Ray Detector,의료용 기기 제조업,"기업개요
동사는 엑스레이 디텍터(detector)와 산업용 카메라 등 이미징 솔루션을 개발, 제조, 판매함.
동사의 주요 품목으로는 정지영상 엑스레이 디텍터와 치과용 등의 다양한 동영상 엑스레이 디텍터, 그리고 산업용 엑스레이 디텍터 및 산업용 카메라 등이 있음.
영상의학 장비의 첨단화 추세 속에서 의료용 이미징 솔루션 기술은 기존의 아날로그 장비가 디지털 장비로 교체되는 과정에서 핵심적인 역할을 하고 있음.
출처 : 에프앤가이드"
비올,의료기기,의료용 기기 제조업,"기업개요
미용목적의 의료기기를 연구, 개발 및 제조, 판매하는 사업체
동사는 2010년 Scarlet을 개발 및 출시하였고 아시아 및 중동 지역으로 해외 판로 개척을 위하여 초기부터 적극적으로 전시회참여 및 투자를 실행함.
동사의 매출구성은 의료기기 장비 약 70.91%, 의료기기 소모품 약 28.2%, 기타 약 0.76%, 개인용 미용기기 약 0.13%로 이루어져있음.
출처 : 에프앤가이드"
삼천당제약,"하메론, 아토로우",의약품 제조업,"기업개요
동사는 1943년 의약품 제조업 및 판매업을 사업목적으로 하여 설립되었음.
1985년 경기도 화성시 향남제약단지내에 KGMP공장을 준공하여 항생제, 순환기질환치료제,소화기질환치료제 및 안약류 등 처방위주의 전문의약품을 생산/판매함.
종속회사인 옵투스제약은 점안제 및 안과용제 등 의약품 제조 및 판매를, SCD US, INC는 미국 등 북미지역에서 기타 금융투자업, 수출품목 인증 및 승인을 목적으로 설립된 회사.
출처 : 에프앤가이드"
서린바이오,생명과학연구기기및시약,기타 전문 도매업,"기업개요
동사는 1984년에 서린과학으로 설립되어 2000년 현재의 사명으로 사명변경하였으며 2005년에 코스닥 시장에 주권을 상장함.
라이프 사이언스 토탈솔루션, 위생/살균 솔루션, 친환경 대기오염저감 바이오필터 시스템 개발, 헬스케업 사업을 영위함.
연결대상 기업으로 메디컬에스테틱 제조업체인 서린메디케어, 기능성 화장품 전문회사인 제노자임, 투자회사인 더블케이W투자조합이 있음.
출처 : 에프앤가이드"
세종메디칼,복강경수술용 투관침 등,의료용 기기 제조업,"기업개요
동사는 2010년 8월 3일에 설립되어 의료용 기기(복강경 수술 기구 등) 제조 및 조립업을 영위하고 있음.
한편 동사는 Trocar를 비롯한 다양한 수술 기구 개발 및 생산 경험을 보유. 향후 급변하는 복강경 수술 시장에 대응할 수 있는 기술력을 갖춘 셈임.
복강경수술 기구인 LapSingle Plus는 로봇수술 발전과 함께 관심이 높아지고 있으며, 일회용 생체검사용 도구인 LapBag는 국내 의료현장에서 고유명사처럼 사용됨.
출처 : 에프앤가이드"
셀레믹스,타겟캡처키트,기초 의약물질 및 생물학적 제제 제조업,"기업개요
동사는 혁신적인 차세대 클로닝 기술인 MSSIC 기술과 세 가지 제품화 기술을 개발하여 Target Capture 키트 ,면역 레퍼토어 분석 솔루션, 차세대 시퀀싱 솔루션 사업을 수행.
동사의 제품은 병원, 수탁검사기관, 제약사, 종자회사, 연구소 등 바이오산업의 주요 기관들에 공급됨.
동사의 제품은 진단, 신약개발, 종자개발, 합성생물학, 마이크로바이옴, 학술연구 등 폭넓은 곳에서 가치를 만들어 내는 데 필수적인 소재로 사용됨.
출처 : 에프앤가이드"
셀리드,항암면역치료백신,자연과학 및 공학 연구개발업,"기업개요
동사는 2006년 12월에 설립된 연구중심의 항암면역치료백신 및 COVID-19 예방백신 개발 전문 바이오벤처기업임.
현재 보유하고 있는 파이프라인은 항암면역치료백신 기반기술인 CeliVax와 아데노바이러스 벡터 기반 감염병 예방백신 기반기술인 Ad5/35 등이 있음.
2020년 11월 30일 백신&세포유전자치료제 GMP센터를 완공, 현재 제품의 임상 단계에 필요한 생산과 향후 GMP 인증 후 시판 예정인 제품의 생산능력을 보유.
출처 : 에프앤가이드"
수젠텍,체외진단 기기 및 시약,의료용품 및 기타 의약 관련제품 제조업,"기업개요
동사는 BT/IT/NT 융합기술 기반 국내 유일의 Lab, POCT, 홈테스트 영역의 진단 플렛폼과 혁신적인 제품을 라인업하여 개발, 판매하는 체외진단 전문회사로 19년 5월 코넥스시장에서 코스닥시장으로 이전상장함.
동사의 다중면역블롯 플랫폼 기술을 기반으로 알레르기, 자가면역, 치매 검사 등 다양한 제품 개발 및 사업화 진행 중임.
매출구성은 제품 약 98.18%, 상품 매출 약 1.82% 로 이루어져 있음.
출처 : 에프앤가이드"
시너지이노베이션,카메라 어플리케이션 프로세서(CAP),의료용 기기 제조업,"기업개요
동사는 미생물배양배지 제조 및 판매 사업을 영위하고 있으며, 2020년 코로나19 팬데믹에 대응하여 바이러스 수송배지를 개발하여 판매하고 있음.
미생물 배양배지는 주로 병원에서 환자의 감염증 진단과 제약회사 등의 무균 공정에서의 미생물 오염 측정을 위해 사용됨.
자회사 노비스바이오(주)를 통해 건강기능식품 사업 등을 영위하고 있으며, 스텐트 등 의료기기 제조, 판매 사업을 영위하고 있는 (주)엠아이텍은 매각함.
출처 : 에프앤가이드"
신일제약,"디펜플라스타, 맥스케어, 트레스, 리피칸",의약품 제조업,"기업개요
동사는 1971년 설립되었으며, 의약품 제조 및 판매를 주요 사업으로 영위하고 있음.
정제, 캡슐제, 시럽제, 연고/크림제, 주사제, 플라스타제 및 패취제 등 다양한 의약품을 의료기관 등에 공급하고 있음.
다품종 제품 생산 노하우와 우수한 품질관리 시스템을 바탕으로 CMO사업(타 제약사 대상)을 영위하고 있으며 자체 생산설비를 갖추고 의약외품 사업(마스크)을 진행하고 있음.
출처 : 에프앤가이드"
씨티씨바이오,"동물용항병원성제품, 생균효소제",의약품 제조업,"기업개요
1996년 설립된 동물약품, 인체약품, 사료첨가제 및 단미보조사료, 건강기능성식품 제조, 판매업체로 2002년 2월에 코스닥증권시장에 상장함.
동사는 미생물발효기술, 약물코팅기술, 약물전달기술등 다양한 핵심기술을 보유하고 있으며, 이러한 기술을 접목한 제품개발이 이루어지고 있음.
동사의 매출구성은 인체약품군 약 56.01%, 동물약품군 약 43.99%로 구성되어 있음.
출처 : 에프앤가이드"
아미코젠,제약용 특수효소 및 효소기반 바이오신소재,기타 식품 제조업,"기업개요
동사는 2000년 설립된 제약용 특수효소 개발 기업으로, 2013년 코스닥 시장에 기술성장기업으로 특례상장함.
특수효소 기술을 확장하여 헬스케어 소재와 브랜드 사업(K-NUTRA) 및 바이오의약 소재(Protein A 레진, 배지 등) 사업 등을 영위.
제약용 특수효소인 아목시실린 합성효소(SP효소) 및 세파계항생제 합성효소(SC효소)를 개발, 사업화 진행 중. 단백질 분리 정제용 레진 개발 및 사업화도 추진중.
출처 : 에프앤가이드"
알테오젠,바이오시밀러 및 바이오베터,자연과학 및 공학 연구개발업,"기업개요
동사는 2008년 설립되어 2014년 기술특례로 코스닥 시장에 상장한 바이오기업임.
항체약물 융합(ADC) 기술등을 활용한 기존 바이오의약품을 개선하는 바이오베터 사업과, 이머징 마켓을 타겟으로 아일리아, 허셉틴 등 바이오시밀러 개발 사업을 영위중.
원천기술로 ADC 기술(NexMabTM), 바이오의약품의 반감기를 증가시키는 NexPTM 융합 기술, 정맥주사를 피하주사 제형으로 변경시키는 hybrozyme 기술 등을 보유.
출처 : 에프앤가이드"
애드바이오텍,"동물용약품,영양제,단미사료(네오폐녹스),보조사료 제조,도매/식품첨가물,화장품 도소매,무역",의약품 제조업,"기업개요
동사는 2000년 6월 20일에 설립되어 강원도 춘천시에 위치하고 있으며, 동물용 의약품 제조업을 주 사업으로 영위중임. 2008년 5월 강원도 유망중소기업에 선정되었으며 10월 기술혁신상 지식경제부장관상을 수상함.
인체용 제품 시장의 건강기능 식품 개별인증을 목표로 헬리코 IgY, 콜레스테롤 IgY, 궤양성 대장염 천연물 의약품 치료제를 개발하고 있음.
2022년 1월 24일 코스닥 이전 상장함.
출처 : 에프앤가이드"
에이치엘사이언스,건강기능식품 등,기타 식품 제조업,"기업개요
바이오 헬스케어 신소재 신기술 연구 중심의 기술플랫폼 기업으로서 식약처 개별인정원료 CDMO 사업, 자사 원천기술의 식약처 개별인정원료 및 천연물 신약 연구개발, 이너뷰티 및 파마슈티컬 코스메틱스 연구개발,
마이크로바이옴 사업, 유전자분석서비스, 건강기능식품/의약외품/건강지향식품 등의 개발, 제조, 판매 사업을 영위하고 있음.
판매유통채널은 TV홈쇼핑, 자사 온라인 쇼핑몰, 대형마트, 약국, 대리점, 전문매장 등을 보유하고 있음.
출처 : 에프앤가이드"
위더스제약,의약품 제조 및 도소매(순환기용제 등),의약품 제조업,"기업개요
동사는 ETC를 중심으로 완제 의약품을 생산하는 제약회사로서 전문의약품 생산 및 판매를 주요 사업으로 영위하고 있음.
고령화 및 만성질환의 주요 질환을 타겟으로 하는 순환기계, 근골격계, 소화기계, 항생제, 중추신경계 의약품을 중심으로 생산하고 있음.
주요 제품으로는 순환기용제(아토렌정, 브이디핀정 등), 근골격용제(레토나제정), 소화기용제(에스라졸정 등), 기타 처방의약품(콜리린연질캡슐 등) 등이 있음.
출처 : 에프앤가이드"
인벤티지랩,마이크로/나노 입자 기반 약물전달 플랫폼 및 관련 제품,의약품 제조업,"기업개요
동사는 마이크로플루이딕 기술을 의약품 연구개발에 적용하여 장기지속형 주사제 개발을 함.
양산 제조에 응용한 IVL-DrugFluidic 플랫폼 및 유전물질 의약물 전달에 적용한 IVL-GeneFluidic플랫폼을 보유한 DDS(Drug Delivery System, 약물전달시스템) 플랫폼 기업임.
IVL-DrugFluidic 플랫폼을 기반으로 자체 개발 중인 개량 신약 및 신약파이프라인, 동물의약품 등을 개발 중임.
출처 : 에프앤가이드"
제넨바이오,휴대폰윈도우,생활용품 도매업,"기업개요
동사는 2017년 공감이앤티 인수 이후 폐기물처리업을 영위하고 있으며, 2018년 에이피알랩 인수를 통해 이종이식제품 개발 및 제조업에 진출하였음.
2019년 5월 정기업종심사 결과에 따라 회사의 주업종이 폐기물처리업으로 변경되었음.
의약품, 의료기기 등을 유통하는 바이오유통업과 이종이식제품 개발을 위해 구축한 연구 인프라를 활용한 비임상CRO사업을 함께 운영함으로써 바이오 사업 간 시너지 효과를 내고자 함.
출처 : 에프앤가이드"
지노믹트리,암 조기진단 제품,자연과학 및 공학 연구개발업,"기업개요
동사는 2000년 10월 6일에 설립되었으며 체외진단 시장의 체외 암 조기진단 사업을 주력사업으로 영위하고 있음.
동사의 주력 사업은 신규 바이오마커 발굴, 검증등 일련의 과정을 통해 다양한 암에 대한 조기진단 제품을 출시하고 이를 이용한 분자진단 서비스를 제공하는 것임.
여러 고형암(대장암, 방광암, 폐암 등)을 대상으로 체외 암 조기 진단 제품의 판매를 위한 의료기기 제조허가용 확증 임상시험을 해왔음.
출처 : 에프앤가이드"
지더블유바이텍,"무선통신,방송및응용장치제조업",기계장비 및 관련 물품 도매업,"기업개요
동사는 1994년 설립되어 1999년 코스닥시장에 상장된 기업으로, 2020년 1월에 상호를 영인프런티어에서 에이프런티어로 변경하고, 같은 해 12월 다시 지더블유바이텍으로 변경함.
Thermo Fisher, Restek 등 글로벌 기업제품을 수입·판매하고 있으며, 연구용 항체 제조 및 판매, 항체개발, 과학기기 판매 사업을 영위 중.
종속회사로는 연구개발 기업인 큐러블, 넥스제너와 경영 컨설팅 기업인 지더블유아이비를 보유.
출처 : 에프앤가이드"
차백신연구소,백신 및 면역증강제 등,자연과학 및 공학 연구개발업,"기업개요
동사는 자체 개발한 면역증강 플랫폼기술을 활용하여 차세대 백신 및 면역치료제를 개발하는 바이오 벤처회사임. 2000년 6월 9일 '두비엘'로 설립되어 2011년 3월 24일 '차백신연구소'로 사명을 변경함.
개발 타겟은 병원성 미생물에 의한 감염성 질환뿐만 아니라 만성질환에 대한 치료백신으로 확대가 가능하며, 동사는 성인용 백신, 프리미엄 백신, 면역치료제 개발에 집중하고 있음.
2021년 10월 22일 코스닥시장에 신규상장함.
출처 : 에프앤가이드"
코미팜,동물약품,의약품 제조업,"기업개요
동사는 1972년 9월 21일 동물의약품제조 및 판매를 목적으로 설립되어 동물용 백신 등 동물의약품을 생산 판매하며, 임상병리검사 분석 대행 서비스업 등을 영위하고 있음.
2001년부터 전략적 신규사업으로 함암제 및 암성통증 치료제 개발사업을 추진하고 있음. 이를 위해 2013년 9월 오송공장 준공 및 2016년 호주공장 취득을 완료함.
동사는 강력한 마약성 진통제를 코미녹스(PAX-1)로 대체한다는 목표로 신약개발을 추진 중임.
출처 : 에프앤가이드"
티앤엘,"창상치료재, 정형외과용 고정재",의료용품 및 기타 의약 관련제품 제조업,"기업개요
동사는 고기능성소재 전문 기업으로 고기능성소재 기술을 의료용 분야에 적용하여 창상피복재(하이드로콜로이드, 폴리우레탄 폼 등)와 정형외과용 고정제(CAST, SPLINT 등)를 제조, 판매.
창상피복재는 상처를 보호하며 오염을 방지하고 삼출액의 흡수, 출혈 또는 체액의 손실 등을 막기 위해 사용하는 의료기기임.
현재는 창상피복재를 주력사업으로 하고 있으며, 창상피복재의 기술을 활용하여 ""지혈제"", ""마이크로니들""도 제조, 판매함.
출처 : 에프앤가이드"
파나진,의료용품및 기타 의약관련 제품 제조업,의료용품 및 기타 의약 관련제품 제조업,"기업개요
동사는 2001년 벤처회사로 대전광역시에서 설립되어 2005년에 코스닥시장에 상장하고, 2006년부터 바이오 소재인 PNA(peptide nucleic acid) Oligomer를 전세계에 독점판매하고 있음.
2007년에 유전자 진단칩 제조 판매 사업을 추가하여, 현재 바이오 소재 및 암 유전자변이 진단 키트 등을 제조ㆍ판매하고 있음.
동사의 PNA 대량생산 기술은 특허로 보호 받는 상업용 시장 적용 기술임.
출처 : 에프앤가이드"
플라즈맵,플라즈마 멸균기 및 표면처리기기,의료용 기기 제조업,"기업개요
동사는 플라즈마 기술회사로 2015년 3월 31일 KAIST 물리학과 실험실 창업으로 설립됨.
동사는 플라즈마 원천기술을 기반으로 멸균기와 멸균소모품, 재생활성기 제조 및 판매를 통해 매출이 발생하고 있으며, 매출유형은 제품매출, 상품매출, 기타매출로 구성됨.
""플라즈마 의료기기 저온멸균 솔루션""과 ""플라즈마 임플란트 재생활성 솔루션""을 기반으로 글로벌 의료기기 시장에서 빠르게 성장하고 있음.
출처 : 에프앤가이드"
피엔케이피부임상연구센타,피부인체적용시험,"그외 기타 전문, 과학 및 기술 서비스업","기업개요
동사는 화장품, 건강기능식품, 미용기기 등 의약품을 제외한 피부에 적용되는 모든 제품에 대하여 안전성, 기능성, 효능을 검증하기 위하여 인체적용시험 및 in-vitro 시험을 수행함.
사업분야는 기능성화장품, 일반화장품, 미용기기, 건강기능식품 등의 인체적용시험, in vitro 시험, 빅데이터 컨설팅 서비스를 제공함.
주요 매출처는 국내외 화장품, 미용기기, 건강기능식품 제조 및 판매회사 등임.
출처 : 에프앤가이드"
한국파마,"완제의약품(정신신경계, 소화기계, 순환기계, 항생항균, 기타)",의약품 제조업,"기업개요
동사는 1974년 9월 3일 민생제약사를 인수하였고, 1985년 12월 24일 한국파마 법인으로 전환하였음.
자체 R&D 개발을 통해 정신신경계, 순환기계, 소화기계, 항생항균 등 제조에 강점이 있으며 내분비, 호흡기, 소염제, 당뇨병 등 다양한 질환군의 기타 처방 의약품을 제조 및 판매함.
동사는 EU / cGMP(current Good Manufacturing Practice) 수준의 생산시설을 구축하였음.
출처 : 에프앤가이드"
화일약품,의약품 원료,의약품 제조업,"기업개요
동사는 1980년 의약품 원료의 제조, 판매 등을 주 영업 목적으로 설립됨. 1987년부터 제조시설을 갖추고 원료의약품 제조업체로 변신함.
기존의 원료의약품 사업분야에서 코엔자임큐텐을 비롯한 식품원료, 완제 사업인 세팔로스포린계 항생제 사업으로 사업분야를 다각화함.
CGMP급 설비시설을 갖춘 원료합성공장을 추가로 신축하여 BGMP승인을 받았으며, 2018년부터 일본 등 선진시장 수출에 주력하고 있음.
출처 : 에프앤가이드"
휴비츠,"자동검안기, 자동렌즈미터",의료용 기기 제조업,"기업개요
동사는 1999년 4월에 설립되었으며 안과 및 안경점용 필수 진단기기 제조 판매 사업, 광전자 의료계측기기의 제조 및 판매를 주요사업으로 영위함.
안광학 의료기기 전문기업으로 기계·전자·컴퓨터 기반의 광학기술로 검안기기, 안과용 진단기, 산업용 검사기기 등을 공급함.
안경점/안과에서 수요가 발생하는 검안기, 렌즈가공기, 렌즈미터, 리플렉터 등이 꾸준하게 현금창출원이 되는 장비임.
출처 : 에프앤가이드"
경보제약,"아토르바스타틴, 세프티족심, 세프트리약손",기초 의약물질 및 생물학적 제제 제조업,"기업개요
종근당 그룹의 계열사로 1987년 3월 설립되어 2007년 경보제약으로 사명 변경하였으며, 원료의약품과 완제의약품을 주요 사업으로 영위.
순환기 약물과 흡입마취제 등 전문의약품과 다양한 일반의약품도 시판하며 의료기기, 동물의약품 및 영양제 등 동물건강분야 사업도 활발하게 전개중임.
2019년도부터는 의료기기 사업을 추가하여 사업성을 다각화하는 등 수익성을 증대할 수 있는 분야의 개척을 위해 노력하고 있음.
출처 : 에프앤가이드"
더메디팜,의료기기 도매,기계장비 및 관련 물품 도매업,"기업개요
동사는 의료기기, 의료용품 등의 메디컬 부문과 의약품 부문의 사업을 영위함.
메디컬사업부문은 정형외과 병원에 최적화된 공급시스템을 확보하여 직접적인 의료행위 이외에 인공고관절, 인공슬관절 등, 병의원 전반에 필요한 의료소모품을 제공하는 의료MRO 전문 회사로써 인공관절을 주로 납품하고 있음.
데미안투자조합, 비케이엘투자조합 등 총 8개의 종속기업을 보유하고 있음.
출처 : 에프앤가이드"
삼진제약,"의약품(게보린,세트라졸,염산나록손) 제조,판매,수출입,약초재배",의약품 제조업,"기업개요
동사는 일반의약품과 다양한 진료 영역의 전문의약품, 정밀한 기술력을 자랑하는 원료의약품에 이르기까지 폭넓은 포트폴리오가 있음.
주요 제품으로는 환자의 삶의 질 향상을 위한 일반의약품으로 소염진통제 '게보린(정제)' 및 식욕촉진제 '트레스탄(캡슐제)' 등이 있음.
고령화 사회로 증가하는 만성질환의 치료를 위한 전문의약품으로 항혈전제 '플래리스(정제)' 및 뇌기능개선제 '뉴티린(캡슐제)' 등을 보유,
출처 : 에프앤가이드"
에이프로젠,"단열장치,철구조물,가열로,특수단열재(금속표면경화육성,원자로용) 제조/단열공사/부동산 임대",기타 금속 가공제품 제조업,"기업개요
동사는 Hardfacing, 철강판매사업과 연결 종속회사인 에이프로젠제약의 의약품사업, 에이프로젠헬스케어앤게임즈의 게임사업을 영위하고 있음.
또한 2021.06.01 일자로 동사로부터 물적분할된 연결종속회사인 에이프로젠아이앤씨의 단열공사사업(Nukon System(원자력발전소 특수보온) 포함)을 영위.
신사업을 위한 바이오의약품사업본부(바이오시밀러 글로벌 유통업 포함)를 보유.
출처 : 에프앤가이드"
오리엔트바이오,의약품 제조,의약품 제조업,"기업개요
동사는 1959년 4월 설립되었으며, 현재는 '실험동물의 생산, 수출, 수입 및 생명과학 관련 연구개발업 등'을 주된 영업목적으로 영위함.
주요 사업으로는 국내유일의 국제표준유전자 고품질 실험동물의 생산공급, 의료 및 실험에 소요되는 장비 개발/생산/판매, 발모제등 신약 개발 등이 있음.
개별공조 케이지 시스템은 미국, 일본, 유럽 등지로 수출되고 있는 세계적인 제품임.
출처 : 에프앤가이드"
일동제약,"아로나민, 후루마린, 큐란, 라비에트, 사미온 등",의약품 제조업,"기업개요
동사는 의약품, 의약품 원료, 건강보조식품 및 특수영양식품의 제조 및 판매 사업 등을 주로 하고 있음.
회사의 주요 생산 품목인 의약품에는 활성비타민인 아로나민류, 항생제인 후루마린 등이 있으며, 제8기 1분기말 연결기준 146,058백만원의 매출을 기록하였음.
동사는 연구개발 경쟁력 강화를 위해 지속적으로 투자규모를 확대해가고 있으며 안질환 치료제, 당뇨병 치료제 등 신약을 개발하기 위해 노력하고 있음.
출처 : 에프앤가이드"
현대약품,"타코실, 마이녹실, 테놀민, 미에로화이바 등",의약품 제조업,"기업개요
동사는 1965년 설립 이래 시노카 등의 의약품과 미에로화이바 등의 건강기능음료의 제조, 판매 등을 주요 사업으로 영위하고 있음.
국내 최초로 개발한 기능성 음료인 미에로화이바를 비롯하여 장기능 개선을 위한 헬씨올리고, 건강한 삶을 유지하기 위한 일반의약품인 물파스, 버물리를 생산.
FDA승인을 받은 탈모치료제 마이녹실 및 전문의약품인 고혈압치료제 테놀민, 기침을 진정시키는 레보투스시럽 등 다양한 의약품을 생산함.
출처 : 에프앤가이드"
HLB바이오스텝,비임상실험 유효성(약리)평가,자연과학 및 공학 연구개발업,"기업개요
동사는 신약 등 신규 개발 물질에 대한 비임상 실험을 진행하는 비임상CRO를 주된 사업으로 영위하고 있음.
사람의 질병치료를 목적으로 하는 의약품 개발과정에 있어서 실험동물을 대상으로 물질을 테스트하는 비임상 CRO 사업을 영위함.
바이오벤처가 인용의약품으로 개발 중인 후보물질 중 비임상CRO를 통해 동물에 효과가 입증된 물질을 동물용 의약품으로 공동개발하는 방식을 추진함.
출처 : 에프앤가이드"
그린생명과학,의약품 중간체 등,기초 의약물질 및 생물학적 제제 제조업,"기업개요
동사는 2005년 4월 1일 설립되었으며, 2009년 12월 22일자로 상장되어 코스닥시장에서 매매가 개시됨.
글로벌 제약산업 시장을 대상으로 원료의약 및 의약품 중간체를 생산, 공급하고 있으며 신규 의약품중간체, 원료의약 등을 개발하고 있음.
글로벌 제약산업 시장을 대상으로 원료의약 및 의약품 중간체를 생산, 공급하고 있으며 신규 의약품중간체, 원료의약 등을 개발하고 있음.
출처 : 에프앤가이드"
네오펙트,라파엘스마트글러브 외,의료용 기기 제조업,"기업개요
당사는 2010년 6월 3일에 설립되어 AI 및 IoT기반 뇌졸중 및 척수손상환자용 재활의료기기 및 재활컨텐츠 등을 연구개발, 생산, 제작, 판매하고 있음.
주요사업은 AI 및 IoT기술을 기반으로 신경계 및 근골격계 질환 환자들의 재활훈련을 위한 재활의료기기 및 재활컨텐츠 연구개발, 제작 및 생산,판매하는 것임.
2019년 12월 미국 메사추세츠 주에 있는 의료법인 '커뮤니티 리햅 케어'를 인수하면서 원격의료 서비스까지 시작.
출처 : 에프앤가이드"
녹십자엠에스,"혈액백, 진단시약, 혈액투석액",의료용품 및 기타 의약 관련제품 제조업,"기업개요
동사는 체외진단용의약품 및 의료기기 제조판매업, 의약품 및 의약부외품 제조판매업 등을 사업목적으로 하여 2003년에 설립됨.
동사가 영위하고 있는 사업은 크게 진단시약, 혈액투석액, 당뇨 3개 사업부문으로 구성되어 있음.
다양한 분야의 상품을 같이 취급함으로써 보건소, 검진센터, 내과의원, 피부과, 성형외과의원, 병원, 종합병원, 대학병원 등 다양한 매출처에 납품하고 이에 따른 넓은 국내 영업네트워크를 보유함.
출처 : 에프앤가이드"
레이,"디지털 치료솔루션(CT scan 장비, 3D 프린터), 디지털 진단시스템(X-ray, CT 등)",의료용 기기 제조업,"기업개요
동사는 2004년 설립 후 치과용 디지털 X-ray 영상진단 장비를 개발하여 생산 및 판매를 시작함.
디지털 X-ray 영상진단을 기반으로 치과용 디지털 엑스레이 영상 솔루션을 개발하여 상품화에 성공한 기술 중심의 X-ray 전문기업.
매출 구성은 2D(Pano, Ceph Kit) 및 3D(CT) 등을 다루는 디지털 진단 시스템이 34.66%, 3D 프린터 솔루션을 포함한 디지털 치료 솔루션이 65.34%를 차지하였음.
출처 : 에프앤가이드"
마크로젠,"DNA Sequencing, Microarray, Genetically Engineered Mouse","그외 기타 전문, 과학 및 기술 서비스업","기업개요
동사는 1997년 설립되어 2000년에 코스닥 시장에 상장한 기업으로, 유전체 분석, 올리고 합성, 마이크로어레이 분석, 유전자 편집 마우스 생산 등을 주요 사업으로 영위하고 있음.
동사는 20년 이상 꾸준히 유전체 분석 사업을 해오며 기술력과 노하우 및 데이터베이스를 확보하고 있으며, 세계 153여개국에 18,000여 고객을 확보함.
연결대상 종속법인으로는 해외 소재의 유전체 분석 기업 3개사를 보유함.
출처 : 에프앤가이드"
메디포스트,제대혈은행,기초 의약물질 및 생물학적 제제 제조업,"기업개요
동사는 2000년 설립되어 2005년 코스닥 시장에 상장되었으며 제대혈 보관, 건강기능식품 판매, 줄기세포치료제 개발 및 판매 사업을 영위하고 있음.
국내 1위의 제대혈은행 사업자. R&D 파이프라인으로 무릎 퇴행성관절염 치료제 카티스템, 기관지폐이형성증 치료제 뉴모스템, 알츠하이머병 치료제 뉴로스템 등을 보유함.
연결대상 종속회사로 MEDIPOST America와 이뮤니크를 보유. 메디포스트메디투어와 큐로닉스는 기중 청산 완료.
출처 : 에프앤가이드"
멕아이씨에스,인공호흡기,의료용 기기 제조업,"기업개요
동사는 1998년 설립되어 인공호흡기 및 환자감시장치를 제조, 판매하고 있음.
그 외 산소포화도 측정기 등의 기타제품과 인공호흡기 소모품 등을 제조, 판매하고 있음.
2023년 1분기 매출액 중 인공호흡기는 62.2%, 환자감시장치는 5.0%의 비중을 차지하며, 산소포화도 측정기 등 기타제품은 19.2%, 인공호흡기 소모품 등의 상품은 13.6%의 비중을 차지하고 있음.
출처 : 에프앤가이드"
바이오솔루션,"세포치료제, 인체조직모델 등",기초 의약물질 및 생물학적 제제 제조업,"기업개요
동사는 2000년에 설립된 세포치료제 개발업체로 2018년 코스닥시장에 기술특례 상장함. 2016년 사명을 바이오솔루션으로 변경함.
세포치료제(화상치료제), 인체 줄기세포유래물질 및 펩타이드(화장품), 인체조직모델 분야의 사업을 영위중임.
주요 제품으로 관절 치료제인 카티라이프, 카티로이드가 있으며, 피부치료제인 케라힐, 케라힐-알로, 동물시험대체로서의 인체조직모델, 대체시험서비스, 화장품원료인 스템수, 엑소좀 등이 있음.
출처 : 에프앤가이드"
뷰노,"뷰노메드 음성솔루션, 뷰노메드 영상솔루션, 기타 솔루션 등",소프트웨어 개발 및 공급업,"기업개요
동사는 2014년 12월 설립되었으며, 의료용 인공지능 진단 솔루션을 개발하는 기업임.
동사는 의료 인공지능 딥러닝 기술력을 토대로 생체신호, 의료 영상(엑스레이, CT, MRI, 안저영상 등) 등 광범위한 의료 데이터를 학습 및 분석, 진단하여 예후/예측 등의 서비스 사업을 영위 중.
동사의 제품은 진단솔루션, 예후ㆍ예측 솔루션, 서버 등 크게 3가지 영역으로 구분되어 있고, 의료 부문의 인공지능 소프트웨어를 상용화 하였음.
출처 : 에프앤가이드"
비엘팜텍,건강보조식품 등,음·식료품 및 담배 도매업,"기업개요
2008년 7월 회사 분할 후 종속기업인 네추럴에프앤피의 기존 제조사업의 안정적인 기반 위에 유통사업부, 해외사업부로 세분하여 운영하고 있음.
주로 건강기능식품을 위탁제조하여 홈쇼핑 등 온/오프라인을 통해 유통하고 있으며 자회사인 네추럴에프앤피는 OEM생산을 주로 하고 있음.
건강기능식품시장 성숙에 따라 기존의 네트워크, 식품대기업, 홈쇼핑 및 계열사를 통한 OEM 방식의 주문 등으로 안정적인 매출기반 확보에 노력 중.
출처 : 에프앤가이드"
솔본,경영자문 및 지주사업,회사 본부 및 경영 컨설팅 서비스업,"기업개요
동사는 1994년 8월 설립되어 1999년 8월 코스닥시장에 상장됨. 2004년 3월 상호를 새롬기술에서 솔본으로 변경함.
동사는 주식소유를 통한 타법인 경영참여 및 경영자문을 제공하는 지주사업과 부동산임대업 등을 주요 목적사업으로 하고 있음.
동사는 투자, 미디어, 의료-IT 등 다양한 분야의 전문 자회사를 통해 기업가치 극대화를 추구함. 인피니트헬스케어, 포커스신문사, 솔본인베스트먼트 등의 계열회사를 소유하고 있음.
출처 : 에프앤가이드"
쎌바이오텍,유산균 원말 및 완제품,기초 의약물질 및 생물학적 제제 제조업,"기업개요
동사는 1995년 설립되어 토종유산균의 개발, 유산균의 고농도 배양방법 개발, 고농도 유산균 원말 개발 및 판매업을 영위하고 있음. 2002년에 코스닥 시장에 상장함.
동사는 듀오락 브랜드 유산균 완제품을 판매하고 있으며, 상온 보존성과 제품개발시 안정성이 높은 듀얼코팅 프로바이오틱스를 개발하여 국내, 일본, EU, 미국, 중국 특허를 받음.
제품 유통망으로 국내 쎌바이오텍인터내셔날, 해외 덴마크 및 프랑스의 자회사를 활용.
출처 : 에프앤가이드"
아미노로직스,DVR용 영상처리 칩,기타 전문 도매업,"기업개요
동사는 1997년 9월 3일자로 설립되었으며, 2004년 6월 2일에 코스닥시장 상장을 승인 받아 회사의 주식이 2004년 6월 4일자로 상장되어 코스닥시장에서 매매가 개시함.
2009년 9월 23일자 임시주주총회를 통하여 회사의 상호가 에이로직스에서 아미노로직스로 변경됨.
동사의 영업부문은 원료의약품 유통사업부문, 아미노산 사업부문, IT사업부문(기타)으로 구분되어 있음.
출처 : 에프앤가이드"
엘앤케이바이오,척추 임플란트,의료용 기기 제조업,"기업개요
동사는 2008년 설립되어 정형외과용 의료기기 중 척추 임플란트를 개발, 제조 및 판매하고 있음.
척추 임플란트는 퇴행성 척추 질환, 척추골절, 척추측만증, 목디스크 등과 같은 척추 질환 치료의 표준 수술방법인 척추 유합술에 사용되는 의료기기임.
동사는 일반적인 척추수술과 관련된 모든 제품 라인업을 갖추고 있으며, 연구개발 단계에서부터 원재료 구매, 제품 제조 및 검사, 납품 단계에이르기까지 일련의 모든 사업을 영위하고 있음.
출처 : 에프앤가이드"
유바이오로직스,"경구용 콜레라 백신, 바이오의약품 수탁 연구 및 제조",의약품 제조업,"기업개요
동사는 물리, 화학 및 생물학 연구개발업을 영위할 목적으로 2010년 3월 설립되었으며 2017년 1월 코스닥 시장에 상장함.
주요제품은 콜레라백신 치료제(유비콜)과 바이오의약품 수탁 연구 및 수탁 제조 등이 있으며, 국내 중소 바이오업체들의 임상시료를 생산하고 있음.
춘천에 제1, 2공장 및 기업 부설연구소를 보유하고 있으며, 신규 예방 백신제품 개발 및 바이오의약품에 대한 CRMO 서비스 사업 병행하고 있음.
출처 : 에프앤가이드"
유틸렉스,"면역항암 세포치료제, 면역항암 항체치료제",기초 의약물질 및 생물학적 제제 제조업,"기업개요
2015년 설립된 동사는 면역항암 세포치료제와 면역항암 항체치료제 사업을 동시에 영위하고 있으며, 신기술 및 신약개발 제품 제조 및 판매하고 있음.
면역학 및 종양학에 대한 오랜 연구를 바탕으로 확보한 다양한 플랫폼 기술 기반의 항체치료제, T세포치료제 및 CAR-T치료제 등 차세대 면역항암제 연구개발을 진행하고 있음.
EU307은 2023년 2월 15일 국내 임상1상 임상시험계획서(IND) 승인이 완료됐음.
출처 : 에프앤가이드"
제노포커스,산업용 효소,기초 의약물질 및 생물학적 제제 제조업,"기업개요
동사는 2000년에 설립되었으며, 미생물 대사를 이용한 산업용 특수 효소 개발/생산 전문 기업임. 2015년에 기술성평가 특례를 통해 코스닥 시장에 상장함.
효소 개량에 효과적으로 적용되는 미생물 디스플레이 기술, 대량생산 가능한 분비발현 기술 등의 플랫폼 기술을 보유함.
주요 제품으로 면역증강물질 GOS 제조에 쓰이는 락타아제, 반도체나 섬유세척 및 표백에 사용되는 과산화수소를 친환경적으로 분해하는 카탈라아제가 있음.
출처 : 에프앤가이드"
제이엘케이,"인공지능 기반 의료영상 진단 플랫폼, 인공지능 기반 산업용 X-ray 판독시스템",소프트웨어 개발 및 공급업,"기업개요
동사는 2019년 업계 최초로 코스닥 상장된 의료 AI 기업이며, 한국인 뇌 MR 영상센터와 독점 계약으로 10년 이상의 연구 데이터 확보.
동사는 AI 원천 알고리즘 기술을 기반으로, 뇌졸중의 전 주기에 특화된 AI 솔루션을 보유하여 골든 타임 내에 빠르고 정확한 진단 및 치료방침 결정을 지원하고 있음.
동사의 주요 제품은 다양한 의료 영상을 한 화면에서 분석하여 뇌졸중 진단 시스템을 지원하는 메디허브 스트로크 등이 있음.
출처 : 에프앤가이드"
지놈앤컴퍼니,"마이크로바이옴 기반 치료제, 화장품, 건강기능식품",기초 의약물질 및 생물학적 제제 제조업,"기업개요
동사는 2015년 9월 24일 설립되어 인체 마이크로바이옴을 기반으로 질병을 예방하고 치료할 수 있는 생물학적 제제 연구 및 개발 사업을 영위함.
마이크로바이옴 분석을 통해 얻어진 자료를 바탕으로 후보균주를 확보하고, 이들 중 In vitro/in vivo 실험을 통해 관련 파이프라인을 확장하고 있음.
자체생산 시료를 활용하여 단기 독성 및 효능 평가를 위한 in vitro 및 in vivo 시험을 진행 중에 있음.
출처 : 에프앤가이드"
지엘팜텍,의약품 연구개발업,자연과학 및 공학 연구개발업,"기업개요
2002년 8월 설립되어 2016년 9월 ""아이비케이에스제2호기업인수목적'과 합병하였으며, 의약품의 제조 및 판매업을 주요 사업으로 영위.
2018년 1월 KGMP 보유업체인 지엘파마의 지분 100%를 인수하여 종속회사로 편입하였으며, ODM 사업과 지엘파마의 호르몬제제 생산라인 등을 적극 활용한 B2B 영업까지 사업영역을 확장.
개량신약 및 제네릭, 차별화된 컨셉을 적용한 일반의약품의 연구개발 진행 중.
출처 : 에프앤가이드"
진매트릭스,"B형간염치료제 내성진단,C형간염바이러스 유전형진단, 자궁경부암유발바이러스 유전형진단",자연과학 및 공학 연구개발업,"기업개요
동사는 2000년에 설립되어 자체개발한 분자진단 원천기술로 질병을 일괄 진단하는 의료기기를 개발, 판매하는 사업을 영위하고 있으며 2009년 코스닥시장에 상장함.
분자진단 사업부문과 체외진단 사업부문으로 구분하며, NeoPlex STI, OmniPlex-HPV, 생화학 및 래피드 등의 제품과 의료장비, LUCICA GA 등의 상품이 있음.
현재 연결대상 종속법인은 없음.
출처 : 에프앤가이드"
콜마비앤에이치,건강기능식품,기초 의약물질 및 생물학적 제제 제조업,"기업개요
동사는 2004년 2월에 설립되었으며, 건강기능식품과 화장품 제조 및 판매를 주요 사업으로 영위함.
건강기능식품 및 화장품의 핵심 소재를 개발하는 소재 연구개발 전문기업으로, 천연물을 이용하여 개발한 소재를 사업화하여 건강기능식품 및 화장품을 ODM/OEM 방식으로 생산하여 판매함.
B2B 비즈니스가 주를 이루고 있으며, 주요 거래처로 애터미, 이마트, 퍼플랩스헬스케어 등이 있음.
출처 : 에프앤가이드"
큐라클,혈관질환치료제 등,자연과학 및 공학 연구개발업,"기업개요
동사는 플랫폼 기술을 기반으로 모세혈관 기능장애에 기인하는 난치성 혈관질환 치료제를 연구/개발하는 바이오 벤처기업임.
세계 최초로 혈관내피기능장애 차단제 개발에 특화된 신개념 플랫폼 기술인 SOLVADYS를 활용하여 혈관누수 및 염증 차단을 특징으로 하는 ED Blocker 물질, CU06-1004를 개발함.
CU06-1004는 2021년 기술수출을 통해 아시아를 제외한 전세계 지역에 대한 판권을 떼아오픈이노베이션에 이전함.
출처 : 에프앤가이드"
펩트론,약효지속성 의약품 및 펩타이드 소재,기초 의약물질 및 생물학적 제제 제조업,"기업개요
동사는 1997년 설립 이후 펩타이드 공학 및 약효지속화 기술을 바탕으로 약효지속성 의약품의 설계와 제조기술 개발, 펩타이드의 합성기술 개발과 신물질 발굴 등을 수행하고 있음.
주요 파이프라인은 크게 전립선암 치료제, 말단비대증 치료제, 2형 당뇨병치료제, 퇴행성신경질환 치료제 등으로 구분.
주사제 완제 생산 가능한 GMP 제조시설을 보유, 여기서 생산한 의약품으로 파킨슨병 임상시험 및 전립선암 치료제 생동시험을 진행중임.
출처 : 에프앤가이드"
대웅,"지주회사/의약품,화공약품,농예약품,위생용품,의료용구,식품,전기전자기구,부품 제조,판매",의약품 제조업,"기업개요
동사는 1961년 1월 대한비타민산업주식회사로 설립되어, 주식을 상장하였으며, 1978년 상호를 대웅제약으로 변경함.
2002년 10월 1일 회사 분할을 통하여 지주회사로 전환하였고, 의약품 생산 및 판매를 주요 사업으로 영위하고 있음.
전문의약품(ETC) 부문은 비대면 영업/마케팅 활동 강화 등을 통해 우루사, 루피어, 크레젯, 올메텍, 가스모틴 등 수익성 높은 자체개발 제품의 지속적인 매출 발생.
출처 : 에프앤가이드"
동아쏘시오홀딩스,"의약품(피로회복제/박카스,병원용의약품),비의약품(의료기기,염모제,가글제) 제조,도소매/화장품 생산",기타 금융업,"기업개요
동사는 지배회사로 전략적인 영업단위인 '지주사', '일반의약품 및 의약외품', '바이오시밀러 및 위탁의약품', '물류', '포장용기', '기타'의 보고부문을 가지고 있음.
제약 부문의 품목으로는 박카스, 판피린, 가그린 등이 있으며 물류 부문은 배송, 우송, 국제포워딩 등이 있음.
운송부문의 판매경로는 3PL국제영업부와 운송영업부를 운영하고 있으며 본사 직할, 지역별 사업부 및 담당DC를 통한 직접 판매를 원칙으로 함.
출처 : 에프앤가이드"
신흥,"치과용기자재(방사선장치,전기진단장치),주사침 도소매,제조/부동산 임대",기계장비 및 관련 물품 도매업,"기업개요
동사는 치과용기자재의 제조 및 도소매를 목적으로 1964년 11월 13일에 설립되었으며, 1991년 유가증권시장에 상장함.
치과의료기기 제조 및 유통 전문업체로써 주요 제품은 치과용진료대, 치과용합금, 치과용 X선촬영기, 공기압축기 등이 있음.
전국 지점/유통/A/S망과 제조공장, 물류센터 등을 갖추고 효율적인 경영활동과 고객 서비스 제공이 될 수 있도록 사업을 전개함.
출처 : 에프앤가이드"
유유제약,"의약품 제조,판매",의약품 제조업,"기업개요
동사는 의약품 제조 및 판매를 주사업으로 영위하고 있는 회사로 1941년 유한무역회사로 설립되었음.
신약, 개량신약, 제네릭 의약품을 국내 병/의원에 공급하고 있으며 GMP생산시설을 확보하고 국내 제약기업에 제품을 납품하는 수탁사업과 동남아시아 등에 완제전문의약품을 수출하고 있음.
종속기업은 건강기능식품 제조 및 판매하는 유유헬스케어, 의료기기를 판매하는 유유메디컬스, 온라인유통 및 판매사업을 영위하고 있는 유유건강생활이 있음.
출처 : 에프앤가이드"
일양약품,"일반의약품(원비디,영비천,아진탈,디세텔,노루모산),항암제(베타-이뮤난),전문의약품 제조,판매,수출입",의약품 제조업,"기업개요
동사는 1946년 설립되어 의약품 등의 제조 및 판매업 등을 영위하는 기업으로 주요 제품으로는 놀텍, 슈펙트, 하이트린, 원비디 등이 있음.
동사의 신약 항궤양제 '놀텍'은 위십이지장궤양 및 위궤양으로 국내 14번째 신약으로 허가를 받은 이후 역류성식도염 및 H.pylori 제균요법 적응증을 추가하였음.
수출을 통한 시장 확대를 목적으로 WHO PQ승인을 완료하였으며, 여러 국가에 완제품 및 원료 수출을 진행하고 있음.
출처 : 에프앤가이드"
종근당,"딜라트렌,리피로우",의약품 제조업,"기업개요
동사는 2013년 11월 2일을 분할기준일로 투자사업부문을 담당하는 존속법인 종근당홀딩스와 의약품사업부문을 담당하는 신설회사인 종근당으로 인적분할되어 설립됨.
2013년 12월 6일에 한국거래소 유가증권시장에 재상장함.
신약 및 개량신약, 제네릭 의약품에 대한 우수한 개발능력을 보유, 연간 매출액 대비 10% 이상의 연구개발 투자를 집행하며 표적항암제, 자가면역질환 치료제 등 신약개발 임상 진행 중.
출처 : 에프앤가이드"
진원생명과학,플라스미드,의약품 제조업,"기업개요
동사는 초기에 의류용 심지 전문 제조와 판매를 목적으로 1976년에 설립되어 1987년 유가증권시장에 상장함.
주요 목적사업은 생명공학을 이용한 의약품 개발 등으로 확장한 상태이며 핵산 기반 바이오 신약과 항염증 치료 신약 등의 신약 개발 사업을 진행하고 있음.
동사는 현재 CMO 제조 및 생산, 심지 제조 및 생산을 영위하는 2개의 연결대상종속회사를 보유중임.
출처 : 에프앤가이드"
네이처셀,닥터쥬크르,기초 의약물질 및 생물학적 제제 제조업,"기업개요
동사는 2019년 5월 2일부터 주요 업종을 기초 의약물질 및 생물학적제제 제조업으로 변경하였음.
2023년 1분기 기준 동사는 전기 중 위생사업부문과 식품사업부문 내 발효사업부의 사업을 중단하고 관련사업 일체를 양도하였으며 보고서 기준일 현재 줄기세포사업과 식품사업을 영위하고 있음.
2023년 1분기 동사의 사업부문별 매출실적은 매출액 총 5,822백만원 중 줄기세포사업부문이 약 57%, 식품사업부문이 약 43%를 차지함.
출처 : 에프앤가이드"
녹십자웰빙,"전문의약품, 건강기능식품",의약품 제조업,"기업개요
전문의약품, 건강기능식품의 제조 및 판매, 의약품/천연물소재 연구개발을 주요 사업분야로 영위함.
인태반 추출물 가수분해물 주사인 라이넥 주사제를 중심으로 비타민, 미네랄, 항산화제 등의 영양주사제로 개개인의 부족한 영양을 보충할 수 있는 영양주사제와 비만영역이 주 타겟인 지씨아르기닌주 등을 출시함.
건강기능식품 사업의 경우 병의원 시장에 새롭게 선보이는 건강기능식품 브랜드 Dr.PNT를 출시함.
출처 : 에프앤가이드"
덴티스,임플란트외,의료용 기기 제조업,"기업개요
치과용 임플란트 제품을 주력으로 하는 동사는 보철, 시술기구를 포함하는 치과용 의료기기와 생체재료, 치과용 3D 프린터 및 수술등을 개발, 생산, 판매함.
한편 동사는 산학협력 개발을 통해 의료용 조명등 기기 중 치과용 진료 등을 먼저 개발완료하고 제품화하였음.
국내 치과 점유율 1위의 의료등 제품인 동사의 의료용 조명등 기기는 2017년 산업통상자원부로부터 인정받은 무영등 제품으로 국내외에서 기술력을 인정받고 있음.
출처 : 에프앤가이드"
드림씨아이에스,시판후조사대행(rPMS),자연과학 및 공학 연구개발업,"기업개요
동사는 제약회사, 바이오벤처 등에 임상개발과 관련한 전 영역에 걸친 서비스를 제공하는 임상시험수탁기관(CRO: Contract Research Organization)임.
제약사, 의료기기 개발사, 연구기관으로부터 임상시험을 받아 연구를 수행하고, 객관적 시험 결과를 전달하는 역할을 수행.
주요 서비스 영역은 의약품 임상시험 및 의약품 시판 후 조사(PMS) 등 임상시험 관련 종합적이고 전문적인 서비스를 제공.
출처 : 에프앤가이드"
디티앤씨알오,비임상 및 임상시험 대체 용역,자연과학 및 공학 연구개발업,"기업개요
의약품, 의료기기, 식품, 화학물질 및 화장품 등 다양한 영역에서 비임상 및 임상시험에 용역을 제공하는 Full-Service CRO 기업임.
의약품을 개발하는 제약사나 의료기기 제조업체, 건강기능식품 개발사 또는 연구기관으로부터 비임상과 임상시험을 위탁받아 연구를 수행하고, 객관적 시험 결과를 전달하는 역할을 함.
효능시험을 포함한 비임상시험 시장과 생물학적동등성(생동성) 및 1상을 포함한 임상시험 시장을 목표로 함.
출처 : 에프앤가이드"
라이프시맨틱스,"소프트웨어(개인건강기록 플랫폼,진료기록번역플랫폼,질병분류기호 검색) 개발,공급/의료기기 도매/자문,컨설팅/전자상거래,통신판매",소프트웨어 개발 및 공급업,"기업개요
동사는 디지털 헬스 기술 플랫폼 및 디지털헬스 솔루션, 디지털 치료제 등의 개발과 공급을 주요 사업으로 영위하고 있음.
동사는 능동적 의료소비자의 등장과 디지털헬스를 통한 비대면 의료의 도래를 예견하고 이에 따른 제반 수요에 착안해 국내 최초의 개인건강기록 기반 상용 디지털헬스 기술플랫폼인 '라이프레코드’를 개발하였음.
2021년 3월 23일 코스닥 시장에 신규 상장함.
출처 : 에프앤가이드"
마이크로디지탈,"바이오 분석 시스템, 메디칼 자동화 시스템",의료용 기기 제조업,"기업개요
동사는 2002년 8월 2일 설립되어 바이오 공정(세포배양시스템), 바이오메디컬(메디컬 자동화 시스템, 바이오 분석시스템, 정밀 현장진단 플랫폼), 진단키트 분야의 사업을 영위하고 있음.
동사의 주요 매출처는 글로벌 30여 개국의 60여 개 파트너사로 이루어져 있음.
바이오분석시스템, 전자동 면역분석시스템 및 고감도 현장진단시스템, 일회용 세포배양시스템 등이 동사의 주요 제품임.
출처 : 에프앤가이드"
메디아나,"환자감시장치, 자동심장 제세동기(AED)",의료용 기기 제조업,"기업개요
동사는 의료기기의 제조, 판매사업 등을 영위할 목적으로 1995년 6월 설립되었으며 환자감시장치, 제세동기를 제조하여 해외 및 국내에 공급하고 있음.
기존 제품군의 환자감시장치를 비롯한 심장충격기 등을 생산, 판매하고 있으며 이들 제품군은 ODM 및 자사 브랜드로 판매하고 있음.
상품영업, ODM사업, 자사 브랜드 영업을 통하여 구축한 내부 인프라를 바탕으로 제품 개발에서 판매까지 하고 있으며, 자사 브랜드를 구축함.
출처 : 에프앤가이드"
바디텍메드,면역진단기기 및 카트리지,의료용품 및 기타 의약 관련제품 제조업,"기업개요
동사는 1998년 11월 설립되었으며 2015년 코스닥 시장에 스팩 합병 형태로 상장함.
동사는 면역진단 카트리지 및 진단기기 등 체외진단제품의 연구개발, 생산과 판매를 주요업무로 하고 있으며, 인체의 각종 질환등 영역을 포괄하는 진단카트리지 제품군을 형성하고 있음.
코로나 팬데믹 이후 코로나19 바이러스를 진단할 수 있는 항원진단제품, 타액항원진단제품 등이 추가되긴 했지만, 주요 제품의 매출비중이 고르게 분포되어 있음.
출처 : 에프앤가이드"
삼아제약,"노마에프, 아토크건조시럽, 코데날정, 코코시럽, 스마엘",의약품 제조업,"기업개요
동사는 의약품의 제조 및 판매를 주요 사업으로 하며 호흡기계, 피부기계, 해열진통소염제, 소화기계, 항생제, 순환내분비계, 일반의약품 및 건강기능식품을 제조 및 판매하고 있음.
동사의 의약품은 호흡기계, 항생제, 피부기계, 소화기계, 해열진통소염, 순환내분비계, 일반의약품 및 건강기능식품으로 구분됨.
동사의 호흡기계 주요 상표로는 씨투스, 베포린, 코데날정,아토크, 헤브론, 네오세틴 등이 있음.
출처 : 에프앤가이드"
셀트리온제약,고덱스 캡슐 외,의약품 제조업,"기업개요
동사는 KGMP, cGMP, EU-GMP 적격업체로, 충북 진천과 오창에 생산 및 품질 관리시설을 갖추고 40여 전문의약품을 생산하고 있으며, 다양한 제품파이프라인을 보유중임.
주력제품 고덱스는 기존 간질환치료제인 헤파디프와 DDB제제의 배합 비율을 찾아 2상, 3상 임상 실시로 5년 노력 끝에 개발함.
바이오시밀러 국내 독점판매권과 유통권을 확보함으로써 기존 케미컬 의약품과의 시너지 확대를 통한 시장지배력 강화를 도모하고 있음.
출처 : 에프앤가이드"
신신제약,파스류 (신신파스 아렉스 등),의약품 제조업,"기업개요
동사는 근육통, 관절통, 신경통 등을 적응증으로 하는 첩부제(파스류)를 비롯하여 바르는 물파스, 뿌리는 에어파스 등의 품목에 특화된 OTC 의약품 전문 제조, 판매하는 업체임.
여름철 해충기피제, 습진, 피부염 등에 바르는 외용액제, 티눈 제거제, 각종 반창고 등 약 100여 종에 달하는 OTC 의약품 및 의약외품 등을 생산, 판매.
동사의 주요 매출처는 약국과 의약품 도매상으로 약국이 총 매출 비중의 45% 를 차지.
출처 : 에프앤가이드"
아이진,"당뇨성망막병증 치료제, 욕창치료제, 대상포진백신, 코로나19 예방백신 등",자연과학 및 공학 연구개발업,"기업개요
동사는 2000년 설립되었으며 신약 연구 개발을 전문적으로 수행하는 벤처기업으로서 2013년 코넥스시장에 상장, 2015년 기술특례로 코스닥 이전상장함.
허혈성 질환 중 당뇨망막증, 욕창, 창상, 그리고 심근허혈/재관류 손상치료제를 개발 중이며, 자궁경부암 백신과 대상포진 백신에 대한 연구도 진행중.
재무구조 개선을 위해 2017년부터 바이오 IT 시스템 사업을 시작했으며 2018년부터는 의약품 도매와 건강기능식품 사업 개시함.
출처 : 에프앤가이드"
알리코제약,완제 의약품,의료용품 및 기타 의약 관련제품 제조업,"기업개요
동사는 의약품의 연구, 제조 및 판매를 목적으로 1992년 12월 28일 설립됨.
주력 사업은 네릭의약품의 국내 판매, 타 제약사 제품 수탁생산, 동남아, 중남미 등 제네릭 해외수출, 천연물 의약품 및 건강기능식품 개발 및 판매임.
현재 동사는 제네릭 품목에만 집중하던 연구에서 벗어나 각종 첨단연구장비와 시설확충을 통한 제형차별화 품목과 복합개량신약 연구 및 특화채널의 제품 개발에 전념 중임.
출처 : 에프앤가이드"
엔젠바이오,"유전체 분야 진단시약 제조 및 유전체 분야 소프트웨어 연구,개발,판매","그외 기타 전문, 과학 및 기술 서비스업","기업개요
동사는 단일사업부문으로 구성되어 있으며, 주요사업은 첫째로, 정밀진단 시약 및 분석 SW 판매 사업임.
두번째로, 개인 유전자검사 서비스 제공 사업으로 유전자검사기관 인증을 취득하여 일반인 대상의 비만, 운동, 식이 등과 관련된 유전자검사 서비스를 수행함.
세번째로, 동반진단 서비스 사업으로 표적치료제 신약 개발사를 대상으로 표적치료제 대상환자 선별 및 임상효과를 검증시에 동사의 정밀진단 제품을 활용하여 최적의 치료법 제시.
출처 : 에프앤가이드"
오스코텍,"뼈이식재,건강식품소재",의약품 제조업,"기업개요
2007년 코스닥시장에 상장. 합성신약, 기능성 소재, 치과용 골이식재 사업을 영위하는 업체임.
고형암(비소세포폐암, 삼중음성 유방암 등)과 혈액암(급성골수성백혈병), 자가면역질환(류마티스성관절염,면역성혈소판감소증 등) 관련하여 세포내 비정상적으 로 활성화 되어있는 키나제를 억제하는 표적치료제를 개발함.
관절염, 항암제 등과 관련한 질환의 신약개발에 주력하고 있으며, 개발과정에서 얻어진 연구산물을 제품화 시켜 판매 중임.
출처 : 에프앤가이드"
올릭스,siRNA 신약 개발,자연과학 및 공학 연구개발업,"기업개요
동사는 2010년 2월 26일 설립되었으며 RNA간섭 플랫폼 기술을 기반으로 기존 치료제가 접근하기 어려운 질환에 대한 치료제의 개발 등을 주요 사업으로 영위하고 있음.
동사 주요 제품은 비대흉터 치료제, 탈모치료제, 건성 및 습성 황반변성 치료제, 망막하 섬유화증 및 습성 황반변성 치료제 등이 있음.
siRNA 국소 투여 치료제 분야에서 글로벌 경쟁기업과 견주어 손색이 없는 경쟁력을 갖추고 있음.
출처 : 에프앤가이드"
우정바이오,"동물실험,CRO서비스,사육장비,세척장비등",자연과학 및 공학 연구개발업,"기업개요
동사는 1989년에 설립된 신약연구 기업으로, 2017년에 코스닥시장에 상장함.
동사는 감염관리 전문기업으로 병원 및 연구시설에 감염관리 서비스를 제공중임. 동사의 감염관리 서비스는 ‘설계-시공-장비-유지-예방멸균’의 토탈 솔루션 형태임.
감염관리는 병원의 수술실, 무균실, 중환자실, 연구시설의 실험실, 제약 생산시설 등에 필요하며 메르스 사태 이후 사회적으로 감염관리의 중요성에 대한 인식이 높아지며 수요 증가 추세임.
출처 : 에프앤가이드"
원바이오젠,"창상피복제, 습윤드레싱제",의료용품 및 기타 의약 관련제품 제조업,"기업개요
동사는 상처의 보호부터 수술 부위의 상처 치료에 이르기까지 다양한 사용목적, 방법으로 세분화되어 의료현장에서 사용하는 창상피복재에 대한 개발 및 제조를 영위함.
주요 사업분야는 상처를 보호하거나 오염을 방지하고, 삼출액의 흡수, 출혈 또는 체액의 손실 등을 막아주는 창상피복재 의료용 소재사업임.
2022년 상반기 타켓으로 화상 및 피부이식재에 사용되고 바이오필름막 형성을 억제하는 텍솝하이드로힐넷을 개발 및 허가 중에 있음.
출처 : 에프앤가이드"
유비케어,"의사랑,유팜,미소몰",소프트웨어 개발 및 공급업,"기업개요
1997년 5울 2일 코스닥 시장에 상장되었으며, 국내 요양기관 EMR 시장점유율 1위 기업으로 의료정보 플랫폼 사업, 개인 건강정보 관리 플랫폼 사업을 영위하고 있음.
전국 2만5,700여 개의 병의원/약국 및 38개의 대리점을 통해 의료네트워크를 구축하고 있으며, 헬스케어 관련 맞춤형의료기기를 제공.
빠른 시장 선정을 바탕으로 의료 서비스 관련 다각화된 사업 포트폴리오 구축을 완료했다는 점에서 차별화된 경쟁력을 확보하고 있음.
출처 : 에프앤가이드"
이루다,레이저 및 고주파 의료기기,의료용 기기 제조업,"기업개요
동사는 2006년 설립되어 레이저와 고주파 에너지를 이용한 피부과, 안과, 치과분야 전문 의료기기를 개발, 제조, 판매하고 있음.
특히 레이저 컨트롤 및 고주파 Micro Needle 응용시스템에 관한 기술력을 바탕으로 피부과용 전문의료기기 분야를 중심으로 사업을 영위하고 있음.
동사 제품의 주요 기술분야는 레이저, 고주파, 집속초음파로 대표되며, 이를 활용한 피부미용 전문의료기기가 동사의 주요 매출원임.
출처 : 에프앤가이드"
인터로조,"콘텍트렌즈(소프트렌즈, 원데이렌즈, 하드렌즈 등)",의료용 기기 제조업,"기업개요
동사는 2000년 설립되었으며 의료기기 중의 하나인 콘택트렌즈 제조 및 판매업을 주된 업종으로 함.
콘택트렌즈 디자인과 금형제작 및 사출, 생산설비, 기술측면에서 세계적인 수준에 올라있으며 지속적인 매출 성장으로 시장을 점유해 나가고 있음.
미용렌즈 시장이 급격하게 성장하였으며, 선진국과 같이 단기착용렌즈 시장과 함께 증가함에 따라 단위 매출의 성장이 지속적으로 증가 추세임.
출처 : 에프앤가이드"
인트론바이오,"바이오 신약, 분자진단제품, 동물용항생제대체재",기초 의약물질 및 생물학적 제제 제조업,"기업개요
동사는 1999년에 설립되어 2011년 코스닥시장에 기술특례 상장한 바이오 기업임. 바이오 신약 개발 사업과 진단키트 개발 사업을 주로 영위하고 있음.
사업부문은 박테리오파지 플랫폼 기술을 기반으로 하는 신약파트와 PCR 및 크로마토그래피 플랫폼 기술을 활용하여 분자진단, 신속항원 진단 등 진단키트 개발을 하는 DR파트로 구성.
연결대상 종속회사로 미국 소재의 신약개발 관련 기업 1개사를 보유함.
출처 : 에프앤가이드"
지아이이노베이션,면역항암제 및 알레르기 치료제,자연과학 및 공학 연구개발업,"기업개요
동사는 신약 후보물질을 개발하는 연구개발 전문기업으로, 신약 후보물질을 전임상 및 초기 임상 단계에서 기술이전하여 기술료를 통해 수익을 창출함.
핵심 신약파이프라인 i) GI-101 면역항암제, ii) GI-301 알레르기 치료제를 비롯한 다양한 면역치료제 신약 파이프라인을 보유함.
단백질과 항체를 이용하여 신규 이중융합단백질을 발굴하고 생산하는 고효율 스크리닝 시스템인 GI-SMART™ 플랫폼 기술을 보유함.
출처 : 에프앤가이드"
카이노스메드,기업인수합병,자연과학 및 공학 연구개발업,"기업개요
동사는 생명공학 기술을 이용하고 필요로 하는 신기술연구 및 의약품을 연구하고 개발하는 사업을 영위하고 있음.
인간의 불치병, 난치병, 삶의 질 개선을 위한 혁신적인 신약을 연구하고 이를 적정 개발단계의 신약후보물질로 License-Out 함으로써 수익을 창출하는 것을 비즈니스 모델로 가지고 있음.
동사는 퇴행성 뇌질환 치료제, 항바이러스제, 항암제 개발에 주력하고 있음.
출처 : 에프앤가이드"
코아스템켐온,줄기세포 치료제,의약품 제조업,"기업개요
동사는 2003년 설립되어 줄기세포기술을 기반으로 희귀/난치성질환에 대한 새로운 줄기세포 치료제를 개발, 생산 및 판매를 영위하고 있음.
동사는 현재 신경계 질환 4개, 자가면역질환1개, 폐질환1개 등 6개의 파이프라인을 보유하고 있음.
2022년 12월 2일에 국내 Top 3 비임상 CRO기관 중의 하나인 종속회사 (주)켐온을 흡수합병하여 성장성과 안정성을 겸비한 사업구조를 보유하게 되었음.
출처 : 에프앤가이드"
퀀타매트릭스,신속항균제검사 장비 및 키트,의료용 기기 제조업,"기업개요
동사는 혈액, 분뇨, 체액 등 인체 내부에서 채취된 대상물을 이용하는 체외진단의료기기를 국내외 상급종합병원 및 검사수탁기관을 대상으로 연구개발, 생산, 판매하는 사업을 영위함.
신속항균제감수성 검사시스템과 신속 전혈 균동정 시스템으로서 패혈증 솔루션을 제공. 고유의 분자면역 다중진단 검사 플랫폼과 노블 바이오 마커를 활용하여 질병의 조기진단과 예후예측의 맞춤의료를 사업화.
2020년 12월 9일 코스닥 시장에 신규상장함.
출처 : 에프앤가이드"
클리노믹스,"Geno Series, CD-PRIME, Cancer Prime",의료용품 및 기타 의약 관련제품 제조업,"기업개요
게놈기반 바이오헬스 정보처리 및 암/질병을 혈액에서 CTC, cfDNA를 동시 검출하는 기술 및 다중오믹스 분석기술을 통해 암 조기진단 서비스를 개발하고 상용화하여 제공하는 사업을 영위.
동사의 기술 및 사업은 '게놈 기반 헬스케어', '액체생검 플랫폼', '암진단/모니터링', '암 조기진단' 4가지로 분류됨.
자체 바이오 빅데이터 센터를 구축하여 대규모의 바이오 빅데이터를 축적하고 연구하여 상용화에 활용하고 있음.
출처 : 에프앤가이드"
티움바이오,"특발성폐섬유증 치료제, 면역항암제, 자궁내막증치료제, 혈우병치료제",자연과학 및 공학 연구개발업,"기업개요
동사는 희귀/난치성 질환에 대한 치료제를 연구개발하는 기업이며 합성의약품 및 바이오의약품 양 분야의 신약 창출시스템을 보유하고 있음.
국내 바이오신약으로는 최초로 미FDA 승인을 받은 혈우병 치료제 '앱스틸라'의 핵심 연구진이 바이오신약을 연구개발중.
2021년 5월 CDO(Contract Development Organization) 전문 회사인 프로티움사이언스를 신규 설립.
출처 : 에프앤가이드"
팬젠,"바이오시밀러 의약품 개발, 바이오의약품 개발 기술이전 서비스 등",의약품 제조업,"기업개요
2010년 1월 29일에 분할설립 되었고 2016년 3월 11일에 기술성장기업으로 코스닥 시장에 상장되었음.
바이오시밀러 EPO의약품의 생산 및 판매, 바이오의약품 개발 사업, 바이오의약품(전임상,임상시료포함) 위탁생산(CMO) 및 개발기술 이전서비스 (CDO)사업을 수행하고 있음.
만성 신부전 환자의 빈혈 치료제인 바이오시밀러 EPO의약품은 2019년에 제품명 팬포틴으로 품목허가를 받아 2020년 2월부터 국내 판매를 시작함.
출처 : 에프앤가이드"
피씨엘,"다중 체외진단 제품, 플랫폼서비스",의료용품 및 기타 의약 관련제품 제조업,"기업개요
체외진단 전문기업인 동사는 혈액선별 진단제품과 POCT 제품 개발 및 공급, 플랫폼 사업을 하고 있음. 고민감도, 저비용, 고효율 다중진단 플랫폼 기술 기반의 사업임.
동사는 SG Cap™ 고민감도 원천기술을 바탕으로 세계 최초로 고위험군 바이러스 혈액 스크리닝 다중면역 진단제품 상용화에 성공한 업체임.
현재 동사의 제품은 고위험군 감염병, 암, 코로나19, 인플루엔자, 자가면역 등을 진단하는 진단키트와 분석기기 등이 있음.
출처 : 에프앤가이드"
한스바이오메드,"인체이식용조직(인조피부,인조뼈),의료용시술재료(가슴보형물)",의료용품 및 기타 의약 관련제품 제조업,"기업개요
동사는 1999년 설립되어, 인체이식용 피부와 뼈 이식재 및 실리콘제품 등의 사업을 영위하고 있음. 2009년에 코스닥시장에 상장함.
1999년까지 수입에 의존하였던 인체 동종피부를 KAIST와의 기술개발을 통해 세계에서 두 번째로 상용화에 성공하였으며 국내 최초의 무세포진피조직인 슈어덤을 생산.
연결대상 종속법인으로 의료용품 관련 국내 및 해외법인 12개 사를 보유함.
출처 : 에프앤가이드"
휴젤,"보툴리눔톡신, 필러",기초 의약물질 및 생물학적 제제 제조업,"기업개요
동사는 2001년 설립된 기업으로, 생물학적제제의 제조 및 판매와 의학 및 약학 연구개발업을 주요사업으로 영위하고 있으며 2015년 코스닥 시장에 주권을 상장함.
보툴리눔 톡신과 필러를 주력으로 하여 보툴리눔 톡신제제 '보툴렉스', HA필러 '더채움', 바이오 코스메틱 '웰라쥬' 등의 주요 제품을 보유하고 있음.
성형, 미용 외에도 제품의 주요 사용 용도를 확대하여 치료 시장으로의 진출을 확대하고 있음.
출처 : 에프앤가이드"
